zip,year,value
10000,2010,5.4
10000,2011,5.866197183
10000,2012,6.564102564
10000,2013,5.319607843
10000,2014,4.576785714
10000,2015,4.15625
10000,2016,7.150909091
10000,2017,6.516981132
10000,2018,4.176612903
10001,2010,4.173443983
10001,2011,3.951089918
10001,2012,4.390071556
10001,2013,4.46504928
10001,2014,4.344977843
10001,2015,4.455722892
10001,2016,4.811449942
10001,2017,5.071679298
10001,2018,5.360703812
10002,2010,5.048546144
10002,2011,5.559207459
10002,2012,5.098125404
10002,2013,4.312351113
10002,2014,4.55640684
10002,2015,5.110292887
10002,2016,5.405724865
10002,2017,5.388122805
10002,2018,5.992067681
10003,2010,4.897743056
10003,2011,4.828211227
10003,2012,4.882035435
10003,2013,5.275576208
10003,2014,4.985288915
10003,2015,5.875301787
10003,2016,6.76716706
10003,2017,6.071703235
10003,2018,5.584856753
10004,2010,4.197297297
10004,2011,5.627810651
10004,2012,4.922794118
10004,2013,4.267821782
10004,2014,4.996283784
10004,2015,4.087912088
10004,2016,5.380457746
10004,2017,4.895435685
10004,2018,5.342222222
10005,2010,4.725454545
10005,2011,4.618819188
10005,2012,3.856016598
10005,2013,5.232113821
10005,2014,6.021315789
10005,2015,4.543835616
10005,2016,5.206587615
10005,2017,4.874171271
10005,2018,5.45
10006,2010,2.357142857
10006,2011,6.613917526
10006,2012,5.348148148
10006,2013,5.095049505
10006,2014,5.032236842
10006,2015,6.816908213
10006,2016,5.135026738
10006,2017,5.273404255
10006,2018,5.828042328
10007,2010,3.365517241
10007,2011,4.832283465
10007,2012,5.119008264
10007,2013,5.879069767
10007,2014,5.318781726
10007,2015,4.571756757
10007,2016,6.175635767
10007,2017,5.393198653
10007,2018,5.658510638
10009,2010,4.764083458
10009,2011,4.524224578
10009,2012,5.099501827
10009,2013,4.506087181
10009,2014,4.715340386
10009,2015,5.709755597
10009,2016,6.990746474
10009,2017,6.406787634
10009,2018,5.538329563
10010,2010,5.392513369
10010,2011,4.461547619
10010,2012,5.303646564
10010,2013,5.088315789
10010,2014,4.919682059
10010,2015,4.394589433
10010,2016,4.985846724
10010,2017,5.791428571
10010,2018,6.661686474
10011,2010,4.445454545
10011,2011,4.964525463
10011,2012,4.869757174
10011,2013,4.645297407
10011,2014,4.602748585
10011,2015,5.270261543
10011,2016,5.379582543
10011,2017,5.580497622
10011,2018,5.575990903
10012,2010,5.005714286
10012,2011,4.994539615
10012,2012,4.935926366
10012,2013,4.761654846
10012,2014,4.744231667
10012,2015,5.78729352
10012,2016,5.906279863
10012,2017,5.907567568
10012,2018,5.383197631
10013,2010,4.065165877
10013,2011,4.538899431
10013,2012,4.183106657
10013,2013,3.645642202
10013,2014,4.360546194
10013,2015,4.738187856
10013,2016,5.051271802
10013,2017,4.049348414
10013,2018,5.111479501
10014,2010,5.727669903
10014,2011,5.925027027
10014,2012,5.831128641
10014,2013,6.394647202
10014,2014,5.423063302
10014,2015,7.155555556
10014,2016,7.187831067
10014,2017,6.054202005
10014,2018,6.133454052
10016,2010,5.437244898
10016,2011,5.089689158
10016,2012,5.122479127
10016,2013,4.399625468
10016,2014,5.303416301
10016,2015,5.323662096
10016,2016,5.392380641
10016,2017,4.939239303
10016,2018,6.396132597
10017,2010,3.293793103
10017,2011,5.049376114
10017,2012,5.137576687
10017,2013,4.263504611
10017,2014,4.935770925
10017,2015,4.131059063
10017,2016,5.105362776
10017,2017,4.308549715
10017,2018,6.042012448
10018,2010,5.991338583
10018,2011,4.583591331
10018,2012,4.316541353
10018,2013,4.699434229
10018,2014,3.909356725
10018,2015,4.534216336
10018,2016,4.627440904
10018,2017,4.805650224
10018,2018,4.705940594
10019,2010,4.81611479
10019,2011,4.113917217
10019,2012,5.124327293
10019,2013,4.366666667
10019,2014,4.627498122
10019,2015,5.359876352
10019,2016,5.800470035
10019,2017,4.836058302
10019,2018,5.251121979
10020,2010,2.3
10020,2011,3.286206897
10020,2012,6.644444444
10020,2013,2.966666667
10020,2014,3.18974359
10020,2015,6.092592593
10020,2016,2.996323529
10020,2017,4.694573643
10020,2018,4.234328358
10021,2010,5.243459916
10021,2011,5.104660588
10021,2012,6.192620482
10021,2013,5.92972973
10021,2014,5.415179393
10021,2015,7.032892562
10021,2016,7.614138439
10021,2017,6.770735786
10021,2018,6.93139313
10022,2010,4.505980066
10022,2011,4.371861925
10022,2012,4.886218679
10022,2013,4.49792567
10022,2014,5.216072676
10022,2015,5.498156997
10022,2016,6.105153099
10022,2017,5.400311526
10022,2018,6.139280125
10023,2010,4.028604119
10023,2011,4.318844985
10023,2012,4.553440095
10023,2013,5.071236873
10023,2014,4.311304348
10023,2015,5.84444903
10023,2016,5.683282443
10023,2017,4.631366351
10023,2018,4.732955752
10024,2010,5.24529703
10024,2011,4.987017256
10024,2012,5.978881469
10024,2013,5.839036755
10024,2014,5.237672584
10024,2015,5.787697715
10024,2016,6.043440763
10024,2017,5.78661279
10024,2018,5.279825291
10025,2010,6.335273159
10025,2011,6.161415525
10025,2012,6.233543307
10025,2013,5.683971903
10025,2014,4.359342165
10025,2015,4.990442797
10025,2016,5.478987117
10025,2017,5.370440978
10025,2018,5.398280211
10026,2010,4.546478873
10026,2011,5.425681405
10026,2012,5.074668705
10026,2013,5.462325419
10026,2014,5.355552359
10026,2015,5.652507375
10026,2016,5.480021114
10026,2017,5.071495767
10026,2018,6.156948076
10027,2010,4.291853933
10027,2011,5.126135352
10027,2012,5.325966448
10027,2013,5.452402539
10027,2014,5.005247286
10027,2015,5.332333216
10027,2016,5.395359062
10027,2017,5.256395557
10027,2018,6.211362235
10028,2010,4.379807692
10028,2011,5.393175853
10028,2012,5.923151515
10028,2013,5.144759207
10028,2014,5.785160328
10028,2015,5.8808124
10028,2016,7.065735661
10028,2017,6.318410256
10028,2018,6.845609756
10029,2010,4.533425414
10029,2011,5.753187988
10029,2012,6.010814815
10029,2013,5.930572289
10029,2014,4.807077799
10029,2015,5.635749507
10029,2016,5.508281938
10029,2017,5.140332926
10029,2018,5.772883933
10030,2010,3.912753623
10030,2011,4.526286891
10030,2012,5.571119403
10030,2013,5.664843424
10030,2014,4.827962085
10030,2015,6.036192862
10030,2016,5.964362732
10030,2017,5.701948241
10030,2018,6.123039365
10031,2010,3.563691194
10031,2011,4.773697917
10031,2012,4.944232987
10031,2013,5.071349036
10031,2014,5.64560225
10031,2015,4.962007607
10031,2016,5.820184572
10031,2017,4.987830859
10031,2018,4.633792254
10032,2010,3.278457772
10032,2011,4.163494871
10032,2012,4.976029963
10032,2013,4.859752454
10032,2014,4.606671687
10032,2015,5.077063176
10032,2016,5.814608295
10032,2017,5.954432411
10032,2018,5.27775815
10033,2010,6.638733706
10033,2011,6.462724014
10033,2012,6.667381786
10033,2013,7.202551786
10033,2014,6.141362201
10033,2015,7.27770969
10033,2016,7.968188441
10033,2017,8.446277966
10033,2018,7.186065244
10034,2010,8.115343915
10034,2011,7.471575503
10034,2012,7.419713701
10034,2013,8.217502199
10034,2014,7.025467796
10034,2015,8.982600816
10034,2016,9.729777959
10034,2017,10.53359709
10034,2018,9.382733718
10035,2010,6.660217984
10035,2011,9.282740094
10035,2012,8.848220516
10035,2013,7.417433832
10035,2014,5.787735849
10035,2015,6.240930744
10035,2016,5.989709763
10035,2017,5.212112082
10035,2018,6.000505689
10036,2010,3.941642229
10036,2011,4.328629032
10036,2012,4.307979071
10036,2013,4.366627358
10036,2014,4.321662853
10036,2015,4.744994407
10036,2016,4.376176398
10036,2017,4.201702509
10036,2018,4.953062985
10037,2010,4.536575875
10037,2011,6.553115265
10037,2012,6.372044506
10037,2013,6.086213786
10037,2014,5.115219512
10037,2015,5.967393279
10037,2016,6.20233463
10037,2017,5.488826467
10037,2018,6.134653465
10038,2010,4.813235294
10038,2011,5.006779661
10038,2012,5.616842105
10038,2013,5.404645477
10038,2014,5.189057043
10038,2015,5.325406204
10038,2016,5.632127558
10038,2017,5.841450068
10038,2018,5.323682008
10039,2010,5.246437995
10039,2011,5.010191083
10039,2012,5.450451807
10039,2013,5.660068454
10039,2014,4.90176648
10039,2015,5.657343312
10039,2016,6.175470009
10039,2017,6.209058672
10039,2018,6.297160989
10040,2010,8.549378882
10040,2011,8.141525034
10040,2012,7.727827957
10040,2013,8.45682782
10040,2014,7.506560192
10040,2015,9.102032983
10040,2016,10.0450928
10040,2017,10.4413275
10040,2018,9.369497326
10041,2015,2.966666667
10041,2016,7.766666667
10041,2017,2.346153846
10041,2018,7
10044,2010,4.925
10044,2011,9.65
10044,2012,8.083333333
10044,2013,3.9
10044,2014,6.447368421
10044,2015,7.587096774
10044,2016,10.18205128
10044,2017,8.318
10044,2018,7.3
10045,2016,2.1
10045,2018,1.2
10048,2011,4.290909091
10048,2012,3.4
10048,2013,0.8
10048,2014,0.65
10048,2015,0.6
10048,2017,0.5
10048,2018,12.2
10065,2010,3.609
10065,2011,4.986412214
10065,2012,5.673937153
10065,2013,5.374358974
10065,2014,5.313113292
10065,2015,6.16176
10065,2016,6.738713592
10065,2017,6.665548504
10065,2018,7.157980456
10069,2010,1.05
10069,2011,4.011764706
10069,2012,4.2525
10069,2013,4.057391304
10069,2014,3.131092437
10069,2015,5.986206897
10069,2016,4.513636364
10069,2017,4.726666667
10069,2018,4.241891892
10075,2010,5.518023256
10075,2011,4.99301848
10075,2012,5.063341646
10075,2013,5.411320755
10075,2014,5.128400955
10075,2015,6.91875
10075,2016,6.903462322
10075,2017,6.123822464
10075,2018,6.609322034
10103,2013,11.4
10103,2014,1.85
10103,2015,8.2
10103,2016,6.6
10103,2017,4.375
10103,2018,4.63
10104,2012,2.9
10105,2017,7.9
10105,2018,9.95
10106,2017,1.8
10106,2018,1
10107,2014,14
10107,2017,3.65
10107,2018,0.266666667
10110,2017,1.75
10110,2018,3.033333333
10111,2014,4.55
10111,2015,1.6
10111,2016,7.92
10111,2017,5.48125
10111,2018,7.8
10112,2013,1.4
10112,2014,1.9
10112,2015,1
10112,2016,4.140909091
10112,2017,3.430526316
10115,2016,14.1
10115,2017,0.4
10115,2018,16.1
10118,2016,0.75
10118,2017,0.8
10118,2018,5.15
10119,2013,5.7
10119,2014,4.3
10119,2015,7.033333333
10119,2016,2.918181818
10119,2017,3.511111111
10119,2018,4.56
10120,2016,2.5
10120,2017,2.888888889
10120,2018,3.025
10121,2016,1.104166667
10121,2017,3.218181818
10121,2018,5.358823529
10122,2017,0.45
10123,2015,1.7
10123,2016,0.4
10123,2017,9.15
10123,2018,1.8
10128,2010,5.080434783
10128,2011,5.437267658
10128,2012,6.060869565
10128,2013,6.076575342
10128,2014,6.101215278
10128,2015,6.771020408
10128,2016,7.625589563
10128,2017,5.697671033
10128,2018,6.938626126
10129,2013,1.15
10129,2014,4.175
10151,2017,1.033333333
10151,2018,2.433333333
10152,2017,17.15
10153,2013,3
10153,2014,7.5
10153,2015,6.4
10153,2016,2.7
10153,2018,1.85
10154,2016,7.75
10154,2017,0.75
10154,2018,7.033333333
10155,2017,1.1
10155,2018,1.5
10158,2017,13.7
10158,2018,5.6875
10162,2011,2.1
10162,2012,5.7
10162,2013,13.5
10162,2014,5.541666667
10162,2015,3.945454545
10162,2016,6.266666667
10162,2017,3.066666667
10162,2018,8.266666667
10165,2017,3.46
10165,2018,7.5
10167,2016,12.86666667
10167,2017,16.2
10167,2018,11.3
10168,2017,0.6
10168,2018,1.875
10169,2016,14.4
10169,2017,1.5
10169,2018,3.3
10170,2016,0.3
10170,2017,1.1
10170,2018,16.2
10171,2018,0.8
10172,2016,3.95
10172,2018,5.56
10173,2017,0.4
10174,2016,1.733333333
10174,2017,13.5
10175,2017,5.3
10176,2017,14.3
10176,2018,1.4
10177,2016,4.4
10177,2017,14.4
10177,2018,3.266666667
10178,2016,1.2
10178,2017,2
10178,2018,2.4
10271,2016,12.8
10271,2017,4.3
10271,2018,1.275
10278,2016,4.45
10278,2017,4.027777778
10278,2018,6.4
10279,2017,1.5
10279,2018,4.2
10280,2010,2.488888889
10280,2011,5.894827586
10280,2012,5.280357143
10280,2013,4.614705882
10280,2014,7.359459459
10280,2015,5.193277311
10280,2016,6.016129032
10280,2017,4.633980583
10280,2018,6.198850575
10281,2010,0.7
10281,2011,2.8
10281,2012,4.257142857
10281,2013,4.55625
10281,2014,7.615
10281,2015,6.173684211
10281,2016,4.4275
10281,2017,2.928571429
10281,2018,4.192
10282,2010,6.585714286
10282,2011,4.392105263
10282,2012,4.717241379
10282,2013,2.493333333
10282,2014,4.882857143
10282,2015,5.582352941
10282,2016,7.0390625
10282,2017,6.052702703
10282,2018,5.030236486
10301,2010,4.88277027
10301,2011,6.751155116
10301,2012,6.106266667
10301,2013,5.349604601
10301,2014,5.915269151
10301,2015,7.771869919
10301,2016,8.70161406
10301,2017,6.516836232
10301,2018,7.231751825
10302,2010,5.333980583
10302,2011,6.79801085
10302,2012,6.125731895
10302,2013,5.469432314
10302,2014,7.630020492
10302,2015,7.700535714
10302,2016,8.017889908
10302,2017,8.178737113
10302,2018,9.654716981
10303,2010,5.59127907
10303,2011,6.98272328
10303,2012,6.323224044
10303,2013,5.288988476
10303,2014,7.477803558
10303,2015,7.919040248
10303,2016,8.083418043
10303,2017,8.870262717
10303,2018,10.41338129
10304,2010,4.519463087
10304,2011,6.519400353
10304,2012,6.466693038
10304,2013,5.441849148
10304,2014,5.828175896
10304,2015,7.255175258
10304,2016,8.754535479
10304,2017,6.654912701
10304,2018,7.119071588
10305,2010,6.394482759
10305,2011,7.829912875
10305,2012,7.397390273
10305,2013,7.189276139
10305,2014,7.093964335
10305,2015,7.843106099
10305,2016,7.414390244
10305,2017,7.113660975
10305,2018,8.270972424
10306,2010,6.066101695
10306,2011,7.85340803
10306,2012,8.218694097
10306,2013,7.833565891
10306,2014,6.421941639
10306,2015,7.048801128
10306,2016,5.835819672
10306,2017,6.919908224
10306,2018,7.396374368
10307,2010,5.34
10307,2011,6.04375
10307,2012,7.272173913
10307,2013,5.202118644
10307,2014,6.087739464
10307,2015,5.748788368
10307,2016,4.613473684
10307,2017,4.694003527
10307,2018,4.964855072
10308,2010,6.349264706
10308,2011,7.882818533
10308,2012,8.043830571
10308,2013,8.668457539
10308,2014,6.892491468
10308,2015,7.576561352
10308,2016,5.58264095
10308,2017,6.627129563
10308,2018,6.965897436
10309,2010,6.165413534
10309,2011,6.735753176
10309,2012,6.711090573
10309,2013,5.201608911
10309,2014,5.636608066
10309,2015,6.928330206
10309,2016,6.678723404
10309,2017,6.1625
10309,2018,5.474503574
10310,2010,5.234615385
10310,2011,6.341214751
10310,2012,6.738278146
10310,2013,5.354893617
10310,2014,5.818895966
10310,2015,6.81898527
10310,2016,9.115011161
10310,2017,6.771534196
10310,2018,7.562737844
10312,2010,5.809148265
10312,2011,6.613860465
10312,2012,6.639061033
10312,2013,5.976040172
10312,2014,5.947752193
10312,2015,5.904978935
10312,2016,4.944180523
10312,2017,6.135725191
10312,2018,5.587568479
10314,2010,7.199315068
10314,2011,6.857537272
10314,2012,6.795249695
10314,2013,6.739922647
10314,2014,7.398480356
10314,2015,7.686350975
10314,2016,7.963612288
10314,2017,8.548768918
10314,2018,9.244418103
10400,2011,0.3
10451,2010,6.19178744
10451,2011,6.496269727
10451,2012,7.313070539
10451,2013,6.369396325
10451,2014,7.540625
10451,2015,9.108512753
10451,2016,10.56838509
10451,2017,10.06362755
10451,2018,10.15262373
10452,2010,6.9629124
10452,2011,6.840422323
10452,2012,7.92440547
10452,2013,6.505264441
10452,2014,7.860511247
10452,2015,10.23210127
10452,2016,11.04518732
10452,2017,11.09725006
10452,2018,10.91234073
10453,2010,4.997854589
10453,2011,6.204228059
10453,2012,6.4620086
10453,2013,7.16732007
10453,2014,8.30606961
10453,2015,9.347084199
10453,2016,8.992824795
10453,2017,9.05685463
10453,2018,9.536422357
10454,2010,5.059782609
10454,2011,5.986071429
10454,2012,6.98321492
10454,2013,5.850922509
10454,2014,7.004126625
10454,2015,8.46101774
10454,2016,8.864179687
10454,2017,8.393912398
10454,2018,8.298101266
10455,2010,5.853614458
10455,2011,6.367027027
10455,2012,5.999043062
10455,2013,5.201449275
10455,2014,7.004116118
10455,2015,8.704372409
10455,2016,9.195729984
10455,2017,7.807435055
10455,2018,8.321641571
10456,2010,6.497774687
10456,2011,6.581808435
10456,2012,7.352263374
10456,2013,6.362536274
10456,2014,7.684177611
10456,2015,9.501196285
10456,2016,10.31678648
10456,2017,9.894522019
10456,2018,9.99185853
10457,2010,5.693259972
10457,2011,6.342499021
10457,2012,7.059494149
10457,2013,6.738470486
10457,2014,8.26984835
10457,2015,9.742259564
10457,2016,9.88833309
10457,2017,9.311181293
10457,2018,9.561021542
10458,2010,5.731531532
10458,2011,6.31946417
10458,2012,6.812695078
10458,2013,7.279664269
10458,2014,7.963820523
10458,2015,8.716586151
10458,2016,7.978147413
10458,2017,7.708738653
10458,2018,7.189713788
10459,2010,6.306845966
10459,2011,6.105647208
10459,2012,6.619459791
10459,2013,7.136595523
10459,2014,7.665529842
10459,2015,8.717367853
10459,2016,9.862626263
10459,2017,8.951460106
10459,2018,8.763957426
10460,2010,6.609822647
10460,2011,6.274278328
10460,2012,6.517641278
10460,2013,6.814739517
10460,2014,8.229403606
10460,2015,9.150394218
10460,2016,9.866976744
10460,2017,8.70705365
10460,2018,8.643618052
10461,2010,5.280569948
10461,2011,5.504773414
10461,2012,5.429268293
10461,2013,5.691717361
10461,2014,7.855076311
10461,2015,9.399814901
10461,2016,10.44797676
10461,2017,9.091762376
10461,2018,9.491424736
10462,2010,5.230039526
10462,2011,5.626992632
10462,2012,5.52327383
10462,2013,6.23380486
10462,2014,7.915340127
10462,2015,8.960211864
10462,2016,10.00096947
10462,2017,9.514257708
10462,2018,9.694132159
10463,2010,4.566292135
10463,2011,5.027809524
10463,2012,5.451070979
10463,2013,5.703464948
10463,2014,6.036861314
10463,2015,6.774525453
10463,2016,6.52260074
10463,2017,5.915295226
10463,2018,5.963063063
10464,2010,5.574193548
10464,2011,5.396531792
10464,2012,6.108379888
10464,2013,5.256213018
10464,2014,7.553780069
10464,2015,10.88230519
10464,2016,10.56334661
10464,2017,7.958584071
10464,2018,8.62778626
10465,2010,6.228343949
10465,2011,5.85186846
10465,2012,6.185962264
10465,2013,5.988998156
10465,2014,8.217612524
10465,2015,10.1384426
10465,2016,10.8627076
10465,2017,8.142614893
10465,2018,8.82424608
10466,2010,4.536036036
10466,2011,5.177599687
10466,2012,6.825265018
10466,2013,6.517407707
10466,2014,8.403097056
10466,2015,10.14808671
10466,2016,10.94157339
10466,2017,10.33066064
10466,2018,10.52751072
10467,2010,4.594820384
10467,2011,5.590390956
10467,2012,6.417044128
10467,2013,6.625746772
10467,2014,7.823877235
10467,2015,8.890941567
10467,2016,9.103841821
10467,2017,8.914920241
10467,2018,8.727977784
10468,2010,4.907692308
10468,2011,5.667994688
10468,2012,6.281769856
10468,2013,6.635308001
10468,2014,7.36902869
10468,2015,7.82351908
10468,2016,7.21945939
10468,2017,6.756978119
10468,2018,6.475646624
10469,2010,4.491754386
10469,2011,5.425222093
10469,2012,5.840820238
10469,2013,5.976651652
10469,2014,8.203064921
10469,2015,9.800936207
10469,2016,11.29024694
10469,2017,10.53673287
10469,2018,10.68791082
10470,2010,3.932044199
10470,2011,5.419694656
10470,2012,7.128449744
10470,2013,6.10250298
10470,2014,8.801682243
10470,2015,10.5934573
10470,2016,11.92119419
10470,2017,11.56496752
10470,2018,11.21392092
10471,2010,4.682634731
10471,2011,5.637475345
10471,2012,5.311825726
10471,2013,5.311367673
10471,2014,6.101624815
10471,2015,7.410645161
10471,2016,6.688
10471,2017,5.693875076
10471,2018,6.302019069
10472,2010,6.663511188
10472,2011,7.608827524
10472,2012,7.162852538
10472,2013,6.264257426
10472,2014,8.594185754
10472,2015,7.523154424
10472,2016,6.89041569
10472,2017,6.66462059
10472,2018,6.782998146
10473,2010,6.790909091
10473,2011,7.684968243
10473,2012,6.704304304
10473,2013,6.710629515
10473,2014,8.363546256
10473,2015,8.385314208
10473,2016,8.410046189
10473,2017,7.909661724
10473,2018,8.300137112
10474,2010,8.3
10474,2011,6.953131749
10474,2012,7.445754717
10474,2013,7.415868263
10474,2014,6.847653806
10474,2015,8.390139752
10474,2016,9.52
10474,2017,9.181267218
10474,2018,8.815656009
10475,2010,4.852054795
10475,2011,6.343223443
10475,2012,6.198924731
10475,2013,6.596853147
10475,2014,8.276829268
10475,2015,9.623211447
10475,2016,10.62355769
10475,2017,9.335
10475,2018,9.761569149
10803,2013,11.1
10803,2014,9.55
10803,2015,6.525
10803,2016,18.9
11001,2010,8.695652174
11001,2011,7.368965517
11001,2012,7.702739726
11001,2013,7.263333333
11001,2014,7.297241379
11001,2015,9.785652174
11001,2016,10.27868339
11001,2017,11.32282282
11001,2018,7.843032787
11004,2010,6.994545455
11004,2011,6.919811321
11004,2012,8.287649402
11004,2013,5.883333333
11004,2014,8.469090909
11004,2015,10.1355814
11004,2016,10.72228464
11004,2017,9.121294363
11004,2018,7.257258065
11005,2012,2.25
11005,2013,2.8
11005,2014,12.6
11005,2015,2.2
11005,2017,4.5
11005,2018,7.75
11040,2010,9.044444444
11040,2011,8.131481481
11040,2012,9.239130435
11040,2013,5.607936508
11040,2014,10.23717949
11040,2015,9.211029412
11040,2016,8.733333333
11040,2017,11.21301775
11040,2018,9.080357143
11096,2017,0.1
11101,2010,6.296963947
11101,2011,6.271125144
11101,2012,7.102006018
11101,2013,6.822671889
11101,2014,7.043727794
11101,2015,9.059049228
11101,2016,9.839197956
11101,2017,8.258523108
11101,2018,9.558929692
11102,2010,5.564488636
11102,2011,5.947940075
11102,2012,6.058828006
11102,2013,6.620038168
11102,2014,6.103674437
11102,2015,8.401390302
11102,2016,8.852944694
11102,2017,7.044863732
11102,2018,8.534918478
11103,2010,4.405445545
11103,2011,5.748154982
11103,2012,6.163626493
11103,2013,6.764137264
11103,2014,6.51687188
11103,2015,8.560172318
11103,2016,9.449309551
11103,2017,7.239906565
11103,2018,8.439478785
11104,2010,4.862869198
11104,2011,5.457906459
11104,2012,7.450697674
11104,2013,6.919400187
11104,2014,8.984853052
11104,2015,10.14424032
11104,2016,11.12700535
11104,2017,10.11982676
11104,2018,11.01198813
11105,2010,5.452147239
11105,2011,5.78468824
11105,2012,5.606233766
11105,2013,6.350065359
11105,2014,6.274748544
11105,2015,8.326254826
11105,2016,9.308238173
11105,2017,6.920379589
11105,2018,8.438196663
11106,2010,5.479411765
11106,2011,5.699935897
11106,2012,6.147823691
11106,2013,6.152677405
11106,2014,6.264177564
11106,2015,8.291902468
11106,2016,9.295399579
11106,2017,7.149602697
11106,2018,7.981259151
11109,2010,1.7
11109,2011,5.225714286
11109,2012,5.996428571
11109,2013,5.791935484
11109,2014,8.225287356
11109,2015,8.149565217
11109,2016,9.585507246
11109,2017,9.269942197
11109,2018,9.902487562
11201,2010,5.288071571
11201,2011,6.025015366
11201,2012,5.814073634
11201,2013,5.55320486
11201,2014,5.49093207
11201,2015,6.861971452
11201,2016,6.585764131
11201,2017,6.079906937
11201,2018,6.05989819
11203,2010,5.649421965
11203,2011,6.420966152
11203,2012,7.171891573
11203,2013,6.84593343
11203,2014,7.34707301
11203,2015,6.710968518
11203,2016,7.114786509
11203,2017,6.744637429
11203,2018,8.683189798
11204,2010,5.511252269
11204,2011,6.063893967
11204,2012,6.216408222
11204,2013,5.39556289
11204,2014,6.125851763
11204,2015,6.427022375
11204,2016,6.601997717
11204,2017,5.981963661
11204,2018,4.785019827
11205,2010,5.76875
11205,2011,5.954646325
11205,2012,6.199059561
11205,2013,5.822050448
11205,2014,5.994950106
11205,2015,6.621432333
11205,2016,6.95868704
11205,2017,5.113785124
11205,2018,5.796783477
11206,2010,5.520719424
11206,2011,6.079822616
11206,2012,6.59315197
11206,2013,6.431307955
11206,2014,6.313585145
11206,2015,7.423524678
11206,2016,6.960823931
11206,2017,5.974415075
11206,2018,6.60446045
11207,2010,5.358816425
11207,2011,6.013393412
11207,2012,6.356831395
11207,2013,6.439261252
11207,2014,6.975775265
11207,2015,7.048461869
11207,2016,7.706851464
11207,2017,7.256
11207,2018,6.66640087
11208,2010,6.231077348
11208,2011,6.494222079
11208,2012,6.022490347
11208,2013,6.228174037
11208,2014,7.107192619
11208,2015,7.516476748
11208,2016,8.188152949
11208,2017,7.204709704
11208,2018,6.651754481
11209,2010,5.042320261
11209,2011,4.910471442
11209,2012,6.050860866
11209,2013,6.25645682
11209,2014,6.755172414
11209,2015,5.695494297
11209,2016,7.447334123
11209,2017,7.312220065
11209,2018,7.158439465
11210,2010,5.431934307
11210,2011,6.43635159
11210,2012,8.059683794
11210,2013,7.594539391
11210,2014,7.27990294
11210,2015,8.792371996
11210,2016,8.728179659
11210,2017,9.057939012
11210,2018,8.551175148
11211,2010,5.464729867
11211,2011,6.237190702
11211,2012,5.84516129
11211,2013,5.896071829
11211,2014,6.347405112
11211,2015,7.203013864
11211,2016,6.843752746
11211,2017,6.217678973
11211,2018,5.736471259
11212,2010,5.416783217
11212,2011,5.910907336
11212,2012,7.453725244
11212,2013,6.734989397
11212,2014,6.123756112
11212,2015,5.822146226
11212,2016,6.876769614
11212,2017,6.783498113
11212,2018,6.777777778
11213,2010,5.208856089
11213,2011,6.100953206
11213,2012,6.574165637
11213,2013,7.10822098
11213,2014,7.034435501
11213,2015,7.533215613
11213,2016,7.277587477
11213,2017,6.968049728
11213,2018,7.979357298
11214,2010,5.791971831
11214,2011,6.448450831
11214,2012,6.82023915
11214,2013,5.924234093
11214,2014,6.48746594
11214,2015,6.523165595
11214,2016,6.557796014
11214,2017,6.402099629
11214,2018,4.694356882
11215,2010,5.74171123
11215,2011,6.309627016
11215,2012,8.071531792
11215,2013,6.59756487
11215,2014,6.270385051
11215,2015,6.238061224
11215,2016,7.215776426
11215,2017,7.067167089
11215,2018,7.265268253
11216,2010,4.780903491
11216,2011,5.017496752
11216,2012,5.474605452
11216,2013,5.668036913
11216,2014,5.308838978
11216,2015,5.695171657
11216,2016,6.161842291
11216,2017,5.989749563
11216,2018,8.112005938
11217,2010,5.53891129
11217,2011,5.5510915
11217,2012,7.072120896
11217,2013,5.913069786
11217,2014,5.22554693
11217,2015,5.337479497
11217,2016,5.181877954
11217,2017,5.049032595
11217,2018,5.895263158
11218,2010,5.199671053
11218,2011,6.244880074
11218,2012,6.938915196
11218,2013,6.145705521
11218,2014,6.658729797
11218,2015,7.511100798
11218,2016,7.626683292
11218,2017,7.788125179
11218,2018,8.683566499
11219,2010,5.434334764
11219,2011,5.869554455
11219,2012,7.064316906
11219,2013,6.050782515
11219,2014,6.430289389
11219,2015,6.691365888
11219,2016,7.158139535
11219,2017,7.45436913
11219,2018,7.788320814
11220,2010,5.430461538
11220,2011,6.055164931
11220,2012,7.254484773
11220,2013,6.130167598
11220,2014,7.33650608
11220,2015,8.629457105
11220,2016,9.514257059
11220,2017,8.765489391
11220,2018,8.258845708
11221,2010,5.229222973
11221,2011,5.94483871
11221,2012,7.004012945
11221,2013,6.109837377
11221,2014,6.267357143
11221,2015,6.626162132
11221,2016,6.534701224
11221,2017,6.021310585
11221,2018,6.834223978
11222,2010,5.240782123
11222,2011,4.792132353
11222,2012,4.343955322
11222,2013,4.489148073
11222,2014,4.668567085
11222,2015,5.626717305
11222,2016,6.343414888
11222,2017,6.422038813
11222,2018,6.205315698
11223,2010,6.075938567
11223,2011,7.194462409
11223,2012,7.899238026
11223,2013,6.849742765
11223,2014,7.675953608
11223,2015,8.227027575
11223,2016,8.698616236
11223,2017,7.872584002
11223,2018,6.524443819
11224,2010,6.230136986
11224,2011,6.560264106
11224,2012,6.852957746
11224,2013,7.626470588
11224,2014,7.550820707
11224,2015,8.49498048
11224,2016,9.166329114
11224,2017,10.01932692
11224,2018,8.540922921
11225,2010,5.321634615
11225,2011,6.757894737
11225,2012,6.434085779
11225,2013,7.279502119
11225,2014,8.496784232
11225,2015,8.325539851
11225,2016,8.185961044
11225,2017,7.415368028
11225,2018,8.116722357
11226,2010,5.667532468
11226,2011,6.453327496
11226,2012,8.193004926
11226,2013,7.880411561
11226,2014,7.419082415
11226,2015,8.536231281
11226,2016,8.760093897
11226,2017,8.054183992
11226,2018,8.507669229
11228,2010,5.179863481
11228,2011,5.54534632
11228,2012,6.272298851
11228,2013,5.654986276
11228,2014,6.28032345
11228,2015,5.98864484
11228,2016,6.478127544
11228,2017,6.318375803
11228,2018,5.66053068
11229,2010,5.78441247
11229,2011,6.781068342
11229,2012,8.157976654
11229,2013,7.44384504
11229,2014,8.427908262
11229,2015,9.388682432
11229,2016,10.32686143
11229,2017,8.850081418
11229,2018,8.666143622
11230,2010,5.078281623
11230,2011,6.182140554
11230,2012,7.977565328
11230,2013,7.200267062
11230,2014,7.298591549
11230,2015,9.270436473
11230,2016,9.447417689
11230,2017,8.692382191
11230,2018,8.665265487
11231,2010,5.753067485
11231,2011,6.263378995
11231,2012,6.006949807
11231,2013,5.16548913
11231,2014,4.934246575
11231,2015,5.996174334
11231,2016,6.011636928
11231,2017,5.472088583
11231,2018,5.048479869
11232,2010,4.794358974
11232,2011,6.432795699
11232,2012,6.742534722
11232,2013,6.112416357
11232,2014,7.873323093
11232,2015,9.699164578
11232,2016,9.889071524
11232,2017,8.743078084
11232,2018,9.243002977
11233,2010,5.52132964
11233,2011,6.514162628
11233,2012,7.731858407
11233,2013,6.853664825
11233,2014,7.106101074
11233,2015,7.325857816
11233,2016,6.91278382
11233,2017,6.224175824
11233,2018,6.45024421
11234,2010,5.91659919
11234,2011,6.62862441
11234,2012,7.003826692
11234,2013,6.85242986
11234,2014,6.613736774
11234,2015,8.074631268
11234,2016,8.049579931
11234,2017,9.004996207
11234,2018,7.800012932
11235,2010,5.826805778
11235,2011,7.268181818
11235,2012,7.722511747
11235,2013,7.561364507
11235,2014,7.621998956
11235,2015,9.357705193
11235,2016,10.04920746
11235,2017,8.878635065
11235,2018,8.639082856
11236,2010,5.30952381
11236,2011,5.499558274
11236,2012,6.297047184
11236,2013,6.265018315
11236,2014,7.293603561
11236,2015,7.912588527
11236,2016,8.979017792
11236,2017,8.52048722
11236,2018,8.336348306
11237,2010,5.18484252
11237,2011,5.512001944
11237,2012,6.79236227
11237,2013,5.922602089
11237,2014,5.594413029
11237,2015,5.744457852
11237,2016,6.522685247
11237,2017,5.676745576
11237,2018,6.72338892
11238,2010,6.173380035
11238,2011,5.984744552
11238,2012,6.300963192
11238,2013,6.229238754
11238,2014,6.018956297
11238,2015,6.519161769
11238,2016,6.27413148
11238,2017,5.942186873
11238,2018,6.953964609
11239,2010,11.552
11239,2011,5.27704918
11239,2012,5.536507937
11239,2013,6.552857143
11239,2014,7.156872038
11239,2015,6.762207358
11239,2016,9.412350598
11239,2017,7.204180064
11239,2018,7.0160401
11241,2014,1.525
11241,2017,10.8
11242,2013,5
11242,2014,11.53333333
11242,2015,0.6
11242,2016,8.7
11242,2018,1.7
11243,2011,9.2
11249,2012,5.368256881
11249,2013,5.903286853
11249,2014,6.001598963
11249,2015,7.137865876
11249,2016,7.375954738
11249,2017,6.354694229
11249,2018,5.914853301
11251,2013,0.1
11251,2014,1.65
11251,2015,0.266666667
11251,2016,2.663636364
11251,2017,1.2
11251,2018,0.5
11354,2010,3.486197917
11354,2011,4.295424837
11354,2012,5.032
11354,2013,5.994240542
11354,2014,5.298365841
11354,2015,6.45207222
11354,2016,5.739100346
11354,2017,5.269318867
11354,2018,5.55904168
11355,2010,3.988198758
11355,2011,4.073913043
11355,2012,5.576706618
11355,2013,5.814138702
11355,2014,5.7464903
11355,2015,6.257384196
11355,2016,6.118806214
11355,2017,5.444761905
11355,2018,6.109412436
11356,2010,3.997735849
11356,2011,4.204360753
11356,2012,5.54300112
11356,2013,6.0102698
11356,2014,5.68357461
11356,2015,6.717360406
11356,2016,6.250938967
11356,2017,5.689303238
11356,2018,6.146418539
11357,2010,3.335585586
11357,2011,4.432266667
11357,2012,5.536396181
11357,2013,5.81626506
11357,2014,5.93296355
11357,2015,7.109947338
11357,2016,6.434016393
11357,2017,5.695983437
11357,2018,6.165442478
11358,2010,4.381481481
11358,2011,4.720974761
11358,2012,5.643195266
11358,2013,5.781021277
11358,2014,5.848350398
11358,2015,6.425745257
11358,2016,6.126245999
11358,2017,5.592294521
11358,2018,6.095171849
11359,2013,1.15
11359,2014,0.7
11359,2016,3.15
11359,2017,4.5
11359,2018,5.975
11360,2010,3.072727273
11360,2011,4.856220096
11360,2012,6.066296296
11360,2013,6.54005102
11360,2014,5.856968215
11360,2015,5.735564054
11360,2016,5.671492537
11360,2017,6.06224
11360,2018,6.098007968
11361,2010,4.570394737
11361,2011,4.672631579
11361,2012,5.737030995
11361,2013,5.166482759
11361,2014,5.061699779
11361,2015,5.195962733
11361,2016,5.197841727
11361,2017,5.232717087
11361,2018,5.899052925
11362,2010,5.726530612
11362,2011,4.172727273
11362,2012,6.536296296
11362,2013,5.318421053
11362,2014,5.834631148
11362,2015,5.045807771
11362,2016,4.965511811
11362,2017,5.050391236
11362,2018,5.645688351
11363,2010,5.037142857
11363,2011,5.346153846
11363,2012,6.149655172
11363,2013,5.534803922
11363,2014,5.1784
11363,2015,4.918994413
11363,2016,5.649193548
11363,2017,5.63008596
11363,2018,6.01865285
11364,2010,3.947619048
11364,2011,5.018691589
11364,2012,5.511557789
11364,2013,5.867411546
11364,2014,5.66027027
11364,2015,5.142170022
11364,2016,5.678743961
11364,2017,6.004025257
11364,2018,6.130830325
11365,2010,6.819379845
11365,2011,7.664519651
11365,2012,7.692255892
11365,2013,7.893065406
11365,2014,6.276099071
11365,2015,7.253905325
11365,2016,7.579369251
11365,2017,6.944961524
11365,2018,7.121958569
11366,2010,7.140697674
11366,2011,8.18688946
11366,2012,8.221914358
11366,2013,8.545890411
11366,2014,6.250269542
11366,2015,6.176773836
11366,2016,6.574605678
11366,2017,3.528735072
11366,2018,3.859071495
11367,2010,6.914893617
11367,2011,6.979461279
11367,2012,7.483578431
11367,2013,7.893039918
11367,2014,5.595021251
11367,2015,7.900701978
11367,2016,8.1673583
11367,2017,6.774872449
11367,2018,6.531374364
11368,2010,3.87273743
11368,2011,4.260475091
11368,2012,5.121982033
11368,2013,5.283761072
11368,2014,5.259277918
11368,2015,6.608579725
11368,2016,6.534653901
11368,2017,7.092641129
11368,2018,7.26911782
11369,2010,4.548463357
11369,2011,5.214110429
11369,2012,5.642873764
11369,2013,5.217062738
11369,2014,5.168214152
11369,2015,6.512352576
11369,2016,6.776165517
11369,2017,8.635447311
11369,2018,6.904109589
11370,2010,5.501554404
11370,2011,5.164655172
11370,2012,5.498977273
11370,2013,5.839303905
11370,2014,6.003263547
11370,2015,6.953913519
11370,2016,7.57722612
11370,2017,8.320183066
11370,2018,7.476777251
11371,2011,2.066666667
11371,2012,0.2
11371,2013,0.5
11371,2014,2.45
11371,2015,12.25
11371,2016,6.636363636
11371,2017,7.25
11372,2010,5.076375405
11372,2011,5.447158132
11372,2012,5.506089109
11372,2013,5.850976231
11372,2014,5.900167879
11372,2015,6.333295647
11372,2016,6.768918565
11372,2017,8.306285845
11372,2018,7.045121056
11373,2010,3.601746725
11373,2011,4.028207343
11373,2012,4.88601782
11373,2013,5.011223881
11373,2014,5.540065604
11373,2015,6.684502924
11373,2016,6.690366566
11373,2017,6.446350255
11373,2018,7.447815073
11374,2010,3.154380665
11374,2011,4.231818182
11374,2012,4.481833616
11374,2013,4.476608539
11374,2014,5.808490566
11374,2015,7.131844029
11374,2016,8.025150124
11374,2017,10.78492891
11374,2018,10.5848041
11375,2010,3.417055655
11375,2011,4.182356648
11375,2012,4.429965636
11375,2013,4.688455103
11375,2014,5.413659794
11375,2015,6.726712329
11375,2016,7.801545699
11375,2017,10.16552351
11375,2018,10.85125554
11377,2010,5.818153527
11377,2011,6.2579069
11377,2012,6.695535445
11377,2013,7.384060552
11377,2014,8.024274461
11377,2015,9.70224208
11377,2016,10.53103394
11377,2017,9.704134467
11377,2018,10.27866289
11378,2010,6.222033898
11378,2011,6.99693608
11378,2012,8.987941176
11378,2013,7.285347432
11378,2014,8.711001757
11378,2015,9.111170064
11378,2016,9.743134054
11378,2017,11.67994801
11378,2018,8.876395708
11379,2010,4.937982196
11379,2011,6.477676538
11379,2012,9.064544722
11379,2013,7.816253968
11379,2014,8.773343606
11379,2015,9.02468773
11379,2016,9.501392111
11379,2017,11.51778541
11379,2018,8.937390181
11385,2010,5.552534562
11385,2011,6.13874092
11385,2012,8.591832168
11385,2013,7.085058796
11385,2014,8.365804551
11385,2015,8.503705463
11385,2016,8.790610203
11385,2017,10.68746587
11385,2018,7.817557376
11411,2010,8.903896104
11411,2011,7.371759259
11411,2012,5.903784571
11411,2013,5.943229167
11411,2014,7.527873563
11411,2015,9.056182473
11411,2016,9.779318449
11411,2017,8.75044335
11411,2018,7.562127237
11412,2010,7.237383178
11412,2011,7.688465724
11412,2012,8.235264228
11412,2013,7.37061657
11412,2014,6.564417178
11412,2015,7.35
11412,2016,7.75265054
11412,2017,7.055695142
11412,2018,6.75105465
11413,2010,8.307446809
11413,2011,8.024836601
11413,2012,8.121651561
11413,2013,6.805719733
11413,2014,7.886164875
11413,2015,9.170855457
11413,2016,9.339516958
11413,2017,9.053210634
11413,2018,7.828760476
11414,2010,5.357364341
11414,2011,7.029915966
11414,2012,8.288738739
11414,2013,8.539444444
11414,2014,6.869501226
11414,2015,8.285753053
11414,2016,8.042947368
11414,2017,7.063001028
11414,2018,6.520939445
11415,2010,5.557801418
11415,2011,5.52952953
11415,2012,6.268298654
11415,2013,6.338028169
11415,2014,5.841690962
11415,2015,6.930656934
11415,2016,7.912440696
11415,2017,8.401552795
11415,2018,7.369475921
11416,2010,5.407727273
11416,2011,5.663773966
11416,2012,5.900250836
11416,2013,5.874899058
11416,2014,5.738598223
11416,2015,8.094952199
11416,2016,8.432675372
11416,2017,8.531716621
11416,2018,8.132228361
11417,2010,5.969379845
11417,2011,6.934156051
11417,2012,7.225434963
11417,2013,7.719382022
11417,2014,6.469174647
11417,2015,7.976813317
11417,2016,8.116267629
11417,2017,6.832539477
11417,2018,6.758239609
11418,2010,5.004379562
11418,2011,5.272309629
11418,2012,5.963913596
11418,2013,6.319167579
11418,2014,6.102828433
11418,2015,7.975137952
11418,2016,8.768196477
11418,2017,8.973742331
11418,2018,7.663572241
11419,2010,5.475724638
11419,2011,5.769911894
11419,2012,6.619513185
11419,2013,6.752932961
11419,2014,6.04285073
11419,2015,7.839565466
11419,2016,8.051155624
11419,2017,7.607651166
11419,2018,6.89313652
11420,2010,5.596134021
11420,2011,6.75342269
11420,2012,7.223006834
11420,2013,7.747628952
11420,2014,6.487903918
11420,2015,7.713924051
11420,2016,8.000489734
11420,2017,6.66823644
11420,2018,6.333698443
11421,2010,5.600240964
11421,2011,5.500923788
11421,2012,5.995297977
11421,2013,6.104595745
11421,2014,6.198156956
11421,2015,8.107121525
11421,2016,8.681367319
11421,2017,8.455220228
11421,2018,7.784836135
11422,2010,9.245930233
11422,2011,8.35147929
11422,2012,7.899054054
11422,2013,7.633594771
11422,2014,8.403875316
11422,2015,9.25362117
11422,2016,9.182217573
11422,2017,9.598210863
11422,2018,7.972302558
11423,2010,6.327667984
11423,2011,6.658901515
11423,2012,7.287115956
11423,2013,7.376981132
11423,2014,6.498832036
11423,2015,6.585587002
11423,2016,7.147605225
11423,2017,5.889100576
11423,2018,5.995882098
11426,2010,7.288659794
11426,2011,7.245770065
11426,2012,8.4775
11426,2013,6.800502513
11426,2014,8.014859438
11426,2015,9.046905537
11426,2016,9.916535433
11426,2017,8.995294118
11426,2018,8.156641054
11427,2010,5.353043478
11427,2011,7.036188437
11427,2012,7.618867925
11427,2013,6.594797688
11427,2014,7.379253112
11427,2015,8.369603098
11427,2016,8.941166937
11427,2017,7.72791762
11427,2018,8.210406343
11428,2010,8.353676471
11428,2011,7.531746032
11428,2012,8.158699809
11428,2013,6.032649254
11428,2014,8.231655373
11428,2015,10.02906198
11428,2016,9.332845647
11428,2017,9.162973978
11428,2018,7.941551247
11429,2010,9.085826772
11429,2011,7.611819887
11429,2012,8.149665552
11429,2013,6.759404389
11429,2014,7.538910134
11429,2015,9.826566217
11429,2016,10.15049732
11429,2017,9.063594164
11429,2018,8.545858586
11430,2010,8.4
11430,2011,6.225
11430,2012,8.55
11430,2013,5.10952381
11430,2014,5.162068966
11430,2015,4.87
11430,2016,6.503225806
11430,2017,5.818181818
11430,2018,4.290410959
11432,2010,6.168282828
11432,2011,7.033795712
11432,2012,7.701709873
11432,2013,7.854965843
11432,2014,6.099070385
11432,2015,6.85359272
11432,2016,7.933799464
11432,2017,6.709938923
11432,2018,5.218060136
11433,2010,6.376315789
11433,2011,7.344543828
11433,2012,7.612509897
11433,2013,7.11015625
11433,2014,6.58140455
11433,2015,7.220794106
11433,2016,7.692502568
11433,2017,6.605690592
11433,2018,6.131839955
11434,2010,7.544135802
11434,2011,8.106033898
11434,2012,8.297323601
11434,2013,7.351603325
11434,2014,6.300289017
11434,2015,8.245828933
11434,2016,8.018696493
11434,2017,7.581696878
11434,2018,6.75247737
11435,2010,5.664033264
11435,2011,7.127717671
11435,2012,7.511460055
11435,2013,7.166156699
11435,2014,6.476277242
11435,2015,7.675090253
11435,2016,7.892193939
11435,2017,6.859586385
11435,2018,6.666471608
11436,2010,8.310493827
11436,2011,7.622378517
11436,2012,9.143134535
11436,2013,7.350178784
11436,2014,6.293889845
11436,2015,7.589686924
11436,2016,7.908737864
11436,2017,7.548824131
11436,2018,7.204966249
11451,2015,8.6
11691,2010,5.10669145
11691,2011,5.339982654
11691,2012,5.725175527
11691,2013,5.041965812
11691,2014,5.305861366
11691,2015,5.723304506
11691,2016,5.322210452
11691,2017,5.250740521
11691,2018,4.71054046
11692,2010,4.368918919
11692,2011,4.245031056
11692,2012,4.397167139
11692,2013,4.226384365
11692,2014,4.771758437
11692,2015,4.853676471
11692,2016,5.00220662
11692,2017,4.818095238
11692,2018,4.775189873
11693,2010,3.739130435
11693,2011,4.283802817
11693,2012,4.437846154
11693,2013,4.530518234
11693,2014,3.82074883
11693,2015,4.395874822
11693,2016,4.793784079
11693,2017,4.021114865
11693,2018,4.919683482
11694,2010,3.960526316
11694,2011,4.333333333
11694,2012,4.804166667
11694,2013,4.278119349
11694,2014,3.638100962
11694,2015,4.145023697
11694,2016,4.332639885
11694,2017,3.601345291
11694,2018,4.485155096
11695,2015,1.866666667
11695,2016,1.933333333
11695,2017,1.5
11695,2018,13
11697,2011,2.858333333
11697,2012,4.977777778
11697,2013,1.35
11697,2014,6.1375
11697,2015,6.32
11697,2016,3.515789474
11697,2017,3.669767442
11697,2018,2.224637681