,zip,year,count,process_time
0,10000,2010,5,5.4
1,10000,2011,71,5.86619718309859
2,10000,2012,39,6.564102564102564
3,10000,2013,51,5.3196078431372555
4,10000,2014,56,4.576785714285713
5,10000,2015,64,4.15625
6,10000,2016,55,7.150909090909092
7,10000,2017,106,6.51698113207547
8,10000,2018,124,4.1766129032258075
9,10001,2010,482,4.173443983402489
10,10001,2011,1468,3.951089918256126
11,10001,2012,1118,4.39007155635062
12,10001,2013,1319,4.4650492797573955
13,10001,2014,1354,4.344977843426882
14,10001,2015,1992,4.45572289156627
15,10001,2016,3476,4.811449942462611
16,10001,2017,2507,5.0716792979657095
17,10001,2018,2387,5.360703812316725
18,10002,2010,791,5.04854614412136
19,10002,2011,2574,5.559207459207469
20,10002,2012,3094,5.098125404007759
21,10002,2013,3862,4.312351113412745
22,10002,2014,4503,4.556406839884547
23,10002,2015,5975,5.1102928870292965
24,10002,2016,7022,5.405724864710906
25,10002,2017,7687,5.388122804735276
26,10002,2018,6442,5.992067680844468
27,10003,2010,576,4.897743055555555
28,10003,2011,2102,4.828211227402484
29,10003,2012,2427,4.882035434693052
30,10003,2013,2690,5.275576208178443
31,10003,2014,3392,4.985288915094343
32,10003,2015,4142,5.87530178657653
33,10003,2016,4663,6.767167059832719
34,10003,2017,4421,6.07170323456231
35,10003,2018,3665,5.584856753069582
36,10004,2010,37,4.197297297297297
37,10004,2011,169,5.627810650887575
38,10004,2012,136,4.9227941176470615
39,10004,2013,202,4.267821782178217
40,10004,2014,296,4.9962837837837855
41,10004,2015,455,4.087912087912088
42,10004,2016,568,5.3804577464788705
43,10004,2017,723,4.895435684647301
44,10004,2018,675,5.342222222222222
45,10005,2010,55,4.7254545454545465
46,10005,2011,271,4.618819188191882
47,10005,2012,241,3.856016597510372
48,10005,2013,246,5.232113821138212
49,10005,2014,380,6.021315789473679
50,10005,2015,584,4.543835616438357
51,10005,2016,759,5.2065876152832615
52,10005,2017,724,4.874171270718229
53,10005,2018,678,5.450000000000002
54,10006,2010,14,2.3571428571428568
55,10006,2011,194,6.613917525773198
56,10006,2012,81,5.348148148148148
57,10006,2013,101,5.095049504950495
58,10006,2014,152,5.032236842105266
59,10006,2015,207,6.816908212560387
60,10006,2016,374,5.135026737967918
61,10006,2017,282,5.273404255319152
62,10006,2018,378,5.828042328042327
63,10007,2010,58,3.365517241379309
64,10007,2011,254,4.83228346456693
65,10007,2012,242,5.119008264462811
66,10007,2013,301,5.879069767441856
67,10007,2014,394,5.318781725888327
68,10007,2015,740,4.571756756756753
69,10007,2016,1219,6.175635767022151
70,10007,2017,1485,5.393198653198653
71,10007,2018,1034,5.658510638297873
72,10009,2010,671,4.764083457526087
73,10009,2011,2547,4.524224577934843
74,10009,2012,3011,5.099501826635693
75,10009,2013,3877,4.506087180809914
76,10009,2014,4348,4.715340386384529
77,10009,2015,4869,5.709755596631744
78,10009,2016,5814,6.990746474028197
79,10009,2017,5952,6.406787634408567
80,10009,2018,5304,5.5383295625942734
81,10010,2010,187,5.392513368983956
82,10010,2011,840,4.461547619047616
83,10010,2012,713,5.303646563814859
84,10010,2013,950,5.088315789473683
85,10010,2014,1321,4.919682059046176
86,10010,2015,1571,4.394589433481858
87,10010,2016,1618,4.985846724351056
88,10010,2017,1925,5.791428571428578
89,10010,2018,1767,6.661686474250159
90,10011,2010,495,4.445454545454545
91,10011,2011,1728,4.964525462962957
92,10011,2012,1812,4.869757174392931
93,10011,2013,1967,4.645297407219125
94,10011,2014,2474,4.602748585286992
95,10011,2015,3097,5.270261543429122
96,10011,2016,2635,5.379582542694508
97,10011,2017,2733,5.580497621661195
98,10011,2018,3078,5.575990903183909
99,10012,2010,560,5.005714285714286
100,10012,2011,1868,4.9945396145610195
101,10012,2012,1684,4.93592636579573
102,10012,2013,2115,4.7616548463356985
103,10012,2014,2141,4.744231667445131
104,10012,2015,2361,5.787293519695045
105,10012,2016,2930,5.906279863481236
106,10012,2017,2960,5.907567567567565
107,10012,2018,2702,5.383197631384169
108,10013,2010,422,4.065165876777256
109,10013,2011,1581,4.5388994307400345
110,10013,2012,1397,4.183106657122405
111,10013,2013,1744,3.64564220183487
112,10013,2014,1721,4.3605461940732155
113,10013,2015,2108,4.738187855787484
114,10013,2016,2752,5.051271802325584
115,10013,2017,4067,4.049348414064443
116,10013,2018,2805,5.111479500891256
117,10014,2010,412,5.727669902912624
118,10014,2011,1850,5.925027027027041
119,10014,2012,1648,5.8311286407767025
120,10014,2013,2055,6.394647201946464
121,10014,2014,2259,5.4230633023461685
122,10014,2015,2511,7.155555555555564
123,10014,2016,2794,7.187831066571219
124,10014,2017,2594,6.054202004626072
125,10014,2018,2209,6.133454051607084
126,10016,2010,392,5.437244897959192
127,10016,2011,1319,5.089689158453376
128,10016,2012,1557,5.122479126525368
129,10016,2013,2136,4.399625468164798
130,10016,2014,2049,5.303416300634473
131,10016,2015,2261,5.323662096417522
132,10016,2016,3058,5.392380640941803
133,10016,2017,3155,4.939239302694148
134,10016,2018,2534,6.39613259668508
135,10017,2010,145,3.293793103448275
136,10017,2011,561,5.049376114081993
137,10017,2012,652,5.137576687116565
138,10017,2013,759,4.263504611330697
139,10017,2014,1135,4.935770925110137
140,10017,2015,1964,4.131059063136457
141,10017,2016,1268,5.1053627760252365
142,10017,2017,1579,4.30854971500949
143,10017,2018,964,6.0420124481327715
144,10018,2010,127,5.9913385826771615
145,10018,2011,646,4.583591331269348
146,10018,2012,532,4.316541353383457
147,10018,2013,707,4.699434229137201
148,10018,2014,855,3.909356725146194
149,10018,2015,906,4.534216335540841
150,10018,2016,973,4.627440904419322
151,10018,2017,1115,4.805650224215246
152,10018,2018,1010,4.705940594059407
153,10019,2010,453,4.816114790286974
154,10019,2011,1667,4.113917216556684
155,10019,2012,1821,5.124327292696323
156,10019,2013,2301,4.3666666666666645
157,10019,2014,2662,4.627498121713006
158,10019,2015,3235,5.359876352395682
159,10019,2016,3404,5.800470035252641
160,10019,2017,3156,4.836058301647669
161,10019,2018,3476,5.251121979286537
162,10020,2010,2,2.3
163,10020,2011,29,3.2862068965517235
164,10020,2012,18,6.644444444444444
165,10020,2013,12,2.9666666666666663
166,10020,2014,39,3.18974358974359
167,10020,2015,27,6.092592592592593
168,10020,2016,136,2.9963235294117645
169,10020,2017,129,4.6945736434108545
170,10020,2018,67,4.234328358208955
171,10021,2010,237,5.243459915611818
172,10021,2011,987,5.104660587639306
173,10021,2012,664,6.192620481927713
174,10021,2013,814,5.929729729729721
175,10021,2014,1087,5.4151793928242835
176,10021,2015,1210,7.032892561983471
177,10021,2016,1358,7.6141384388807065
178,10021,2017,1196,6.77073578595318
179,10021,2018,1048,6.931393129770989
180,10022,2010,301,4.505980066445187
181,10022,2011,956,4.371861924686188
182,10022,2012,878,4.886218678815484
183,10022,2013,1157,4.497925669835784
184,10022,2014,1431,5.216072676450044
185,10022,2015,1465,5.4981569965870225
186,10022,2016,1339,6.105153099327865
187,10022,2017,1605,5.400311526479758
188,10022,2018,1278,6.139280125195619
189,10023,2010,437,4.028604118993137
190,10023,2011,1645,4.31884498480243
191,10023,2012,1686,4.553440094899165
192,10023,2013,1714,5.071236872812136
193,10023,2014,2185,4.3113043478260895
194,10023,2015,2423,5.844449030127935
195,10023,2016,2620,5.683282442748104
196,10023,2017,2847,4.63136635054443
197,10023,2018,2825,4.7329557522124
198,10024,2010,404,5.2452970297029715
199,10024,2011,1217,4.987017255546419
200,10024,2012,1198,5.978881469115184
201,10024,2013,1578,5.839036755386572
202,10024,2014,2028,5.237672583826434
203,10024,2015,2276,5.787697715289978
204,10024,2016,2203,6.043440762596452
205,10024,2017,2846,5.786612789880536
206,10024,2018,2404,5.279825291181379
207,10025,2010,842,6.335273159144898
208,10025,2011,2628,6.161415525114161
209,10025,2012,2540,6.233543307086616
210,10025,2013,3132,5.683971902937421
211,10025,2014,4378,4.359342165372326
212,10025,2015,4991,4.990442797034657
213,10025,2016,4502,5.478987116836976
214,10025,2017,5193,5.370440978239921
215,10025,2018,4361,5.398280210960773
216,10026,2010,426,4.546478873239433
217,10026,2011,1651,5.425681405208978
218,10026,2012,1962,5.0746687054026465
219,10026,2013,2864,5.462325418994418
220,10026,2014,3476,5.355552359033371
221,10026,2015,4068,5.652507374631275
222,10026,2016,3789,5.480021113750333
223,10026,2017,4252,5.07149576669802
224,10026,2018,5354,6.156948076204702
225,10027,2010,712,4.291853932584266
226,10027,2011,2246,5.126135351736418
227,10027,2012,2742,5.32596644784829
228,10027,2013,3309,5.452402538531275
229,10027,2014,4974,5.0052472858866075
230,10027,2015,5666,5.332333215672442
231,10027,2016,6141,5.395359062042024
232,10027,2017,5582,5.256395557147989
233,10027,2018,4867,6.2113622354633415
234,10028,2010,312,4.3798076923076925
235,10028,2011,1143,5.393175853018369
236,10028,2012,825,5.923151515151518
237,10028,2013,1059,5.144759206798863
238,10028,2014,1341,5.785160328113346
239,10028,2015,1871,5.880812399786208
240,10028,2016,2005,7.065735660847893
241,10028,2017,1950,6.318410256410248
242,10028,2018,1640,6.845609756097565
243,10029,2010,724,4.533425414364634
244,10029,2011,2431,5.753187988482111
245,10029,2012,2700,6.010814814814809
246,10029,2013,3320,5.930572289156607
247,10029,2014,5270,4.807077798861464
248,10029,2015,6084,5.635749506903354
249,10029,2016,5675,5.508281938325978
250,10029,2017,6548,5.140332926084297
251,10029,2018,5919,5.7728839330967965
252,10030,2010,345,3.912753623188406
253,10030,2011,1457,4.526286890871652
254,10030,2012,1340,5.571119402985077
255,10030,2013,2395,5.664843423799583
256,10030,2014,2743,4.827962085308059
257,10030,2015,3194,6.036192861615529
258,10030,2016,3617,5.96436273154546
259,10030,2017,3439,5.701948240767688
260,10030,2018,3277,6.123039365273122
261,10031,2010,829,3.5636911942098872
262,10031,2011,3072,4.773697916666661
263,10031,2012,3468,4.944232987312555
264,10031,2013,4670,5.071349036402567
265,10031,2014,6401,5.64560224964848
266,10031,2015,7362,4.962007606628615
267,10031,2016,8452,5.820184571698978
268,10031,2017,9294,4.987830858618469
269,10031,2018,8934,4.633792254309391
270,10032,2010,817,3.2784577723378208
271,10032,2011,2827,4.163494870887868
272,10032,2012,3204,4.976029962546819
273,10032,2013,4686,4.859752454118666
274,10032,2014,6640,4.6066716867469655
275,10032,2015,7028,5.0770631758679645
276,10032,2016,6510,5.814608294930875
277,10032,2017,7479,5.954432410750084
278,10032,2018,6227,5.277758149991953
279,10033,2010,537,6.638733705772819
280,10033,2011,1953,6.462724014336909
281,10033,2012,2284,6.667381786339757
282,10033,2013,3331,7.2025517862503845
283,10033,2014,4434,6.141362201172751
284,10033,2015,5222,7.277709689774038
285,10033,2016,6177,7.968188440990744
286,10033,2017,7375,8.446277966101674
287,10033,2018,7449,7.1860652436568415
288,10034,2010,567,8.115343915343916
289,10034,2011,2139,7.471575502571302
290,10034,2012,2445,7.419713701431486
291,10034,2013,3411,8.217502198768681
292,10034,2014,5077,7.025467795942483
293,10034,2015,6621,8.98260081558673
294,10034,2016,7341,9.729777959406029
295,10034,2017,7709,10.533597094305394
296,10034,2018,7616,9.382733718487351
297,10035,2010,367,6.660217983651232
298,10035,2011,1489,9.282740094022834
299,10035,2012,1433,8.848220516399156
300,10035,2013,1738,7.417433831990797
301,10035,2014,2226,5.787735849056606
302,10035,2015,2729,6.240930743862209
303,10035,2016,3411,5.989709762532961
304,10035,2017,3319,5.212112081952404
305,10035,2018,3164,6.000505689001276
306,10036,2010,341,3.9416422287390027
307,10036,2011,1240,4.32862903225806
308,10036,2012,1529,4.307979071288417
309,10036,2013,1696,4.366627358490561
310,10036,2014,2622,4.32166285278414
311,10036,2015,3576,4.744994407158834
312,10036,2016,4059,4.376176398127621
313,10036,2017,3348,4.201702508960575
314,10036,2018,2318,4.9530629853321795
315,10037,2010,257,4.53657587548638
316,10037,2011,642,6.553115264797507
317,10037,2012,719,6.372044506258689
318,10037,2013,1001,6.086213786213772
319,10037,2014,1025,5.115219512195124
320,10037,2015,1101,5.9673932788374175
321,10037,2016,1285,6.202334630350203
322,10037,2017,1602,5.488826466916357
323,10037,2018,1515,6.134653465346541
324,10038,2010,136,4.813235294117646
325,10038,2011,472,5.006779661016951
326,10038,2012,665,5.616842105263154
327,10038,2013,818,5.404645476772616
328,10038,2014,859,5.189057043073335
329,10038,2015,1354,5.325406203840475
330,10038,2016,2101,5.6321275583055685
331,10038,2017,1462,5.841450068399463
332,10038,2018,1195,5.323682008368202
333,10039,2010,379,5.2464379947229585
334,10039,2011,1256,5.010191082802554
335,10039,2012,1328,5.45045180722891
336,10039,2013,1753,5.6600684540787185
337,10039,2014,2321,4.901766479965525
338,10039,2015,2138,5.657343311506085
339,10039,2016,3351,6.175470008952555
340,10039,2017,3102,6.209058671824626
341,10039,2018,2994,6.297160988643969
342,10040,2010,644,8.549378881987584
343,10040,2011,2177,8.141525034451076
344,10040,2012,2325,7.727827956989262
345,10040,2013,3537,8.456827820186595
346,10040,2014,5823,7.506560192340726
347,10040,2015,7034,9.102032982655654
348,10040,2016,7866,10.045092804474956
349,10040,2017,8452,10.441327496450562
350,10040,2018,9350,9.36949732620318
351,10041,2015,3,2.966666666666667
352,10041,2016,6,7.766666666666666
353,10041,2017,13,2.3461538461538463
354,10041,2018,6,7.0
355,10044,2010,4,4.925
356,10044,2011,2,9.65
357,10044,2012,6,8.083333333333334
358,10044,2013,13,3.8999999999999995
359,10044,2014,19,6.447368421052631
360,10044,2015,31,7.587096774193547
361,10044,2016,39,10.182051282051283
362,10044,2017,50,8.317999999999996
363,10044,2018,36,7.299999999999999
364,10045,2016,2,2.1
365,10045,2018,2,1.2
366,10048,2011,11,4.290909090909091
367,10048,2012,4,3.4
368,10048,2013,1,0.8
369,10048,2014,2,0.65
370,10048,2015,2,0.6
371,10048,2017,1,0.5
372,10048,2018,1,12.2
373,10065,2010,200,3.6089999999999987
374,10065,2011,655,4.98641221374046
375,10065,2012,541,5.6739371534195895
376,10065,2013,585,5.374358974358974
377,10065,2014,1121,5.3131132917038375
378,10065,2015,1250,6.161760000000013
379,10065,2016,1648,6.738713592233026
380,10065,2017,1103,6.665548504079785
381,10065,2018,921,7.157980456026062
382,10069,2010,8,1.05
383,10069,2011,34,4.011764705882353
384,10069,2012,40,4.2525
385,10069,2013,115,4.057391304347828
386,10069,2014,119,3.131092436974788
387,10069,2015,58,5.986206896551723
388,10069,2016,66,4.513636363636363
389,10069,2017,75,4.7266666666666675
390,10069,2018,74,4.2418918918918935
391,10075,2010,172,5.518023255813955
392,10075,2011,487,4.993018480492816
393,10075,2012,401,5.0633416458852825
394,10075,2013,530,5.411320754716981
395,10075,2014,838,5.128400954653939
396,10075,2015,848,6.918749999999993
397,10075,2016,982,6.903462321792265
398,10075,2017,1104,6.123822463768116
399,10075,2018,944,6.609322033898302
400,10103,2013,2,11.4
401,10103,2014,2,1.85
402,10103,2015,2,8.2
403,10103,2016,3,6.6000000000000005
404,10103,2017,8,4.375
405,10103,2018,10,4.63
406,10104,2012,1,2.9
407,10105,2017,2,7.9
408,10105,2018,2,9.95
409,10106,2017,2,1.7999999999999998
410,10106,2018,1,1.0
411,10107,2014,1,14.0
412,10107,2017,4,3.65
413,10107,2018,3,0.26666666666666666
414,10110,2017,2,1.75
415,10110,2018,3,3.033333333333333
416,10111,2014,4,4.55
417,10111,2015,1,1.6
418,10111,2016,5,7.92
419,10111,2017,16,5.481250000000001
420,10111,2018,2,7.8
421,10112,2013,2,1.4
422,10112,2014,1,1.9
423,10112,2015,3,1.0
424,10112,2016,22,4.1409090909090915
425,10112,2017,95,3.4305263157894736
426,10115,2016,1,14.1
427,10115,2017,1,0.4
428,10115,2018,1,16.1
429,10118,2016,14,0.7499999999999999
430,10118,2017,1,0.8
431,10118,2018,4,5.1499999999999995
432,10119,2013,3,5.7
433,10119,2014,11,4.3
434,10119,2015,3,7.033333333333334
435,10119,2016,11,2.9181818181818184
436,10119,2017,9,3.5111111111111115
437,10119,2018,5,4.5600000000000005
438,10120,2016,2,2.5
439,10120,2017,9,2.8888888888888884
440,10120,2018,80,3.0249999999999995
441,10121,2016,24,1.1041666666666667
442,10121,2017,11,3.2181818181818183
443,10121,2018,17,5.358823529411764
444,10122,2017,2,0.45
445,10123,2015,1,1.7
446,10123,2016,1,0.4
447,10123,2017,2,9.15
448,10123,2018,3,1.8
449,10128,2010,322,5.080434782608698
450,10128,2011,1076,5.437267657992565
451,10128,2012,1173,6.060869565217403
452,10128,2013,1460,6.076575342465758
453,10128,2014,1728,6.101215277777787
454,10128,2015,1960,6.771020408163272
455,10128,2016,1993,7.625589563472166
456,10128,2017,2748,5.697671033478909
457,10128,2018,1776,6.938626126126135
458,10129,2013,2,1.15
459,10129,2014,4,4.175
460,10151,2017,3,1.0333333333333334
461,10151,2018,3,2.433333333333333
462,10152,2017,2,17.15
463,10153,2013,6,3.0
464,10153,2014,2,7.5
465,10153,2015,1,6.4
466,10153,2016,1,2.7
467,10153,2018,2,1.8499999999999999
468,10154,2016,2,7.75
469,10154,2017,2,0.75
470,10154,2018,3,7.033333333333334
471,10155,2017,1,1.1
472,10155,2018,2,1.5
473,10158,2017,1,13.7
474,10158,2018,16,5.687500000000001
475,10162,2011,1,2.1
476,10162,2012,1,5.7
477,10162,2013,3,13.5
478,10162,2014,12,5.541666666666667
479,10162,2015,22,3.9454545454545458
480,10162,2016,6,6.266666666666667
481,10162,2017,9,3.066666666666667
482,10162,2018,3,8.266666666666666
483,10165,2017,5,3.46
484,10165,2018,3,7.5
485,10167,2016,3,12.866666666666667
486,10167,2017,1,16.2
487,10167,2018,2,11.299999999999999
488,10168,2017,4,0.6000000000000001
489,10168,2018,8,1.8750000000000002
490,10169,2016,1,14.4
491,10169,2017,2,1.5
492,10169,2018,1,3.3
493,10170,2016,1,0.3
494,10170,2017,1,1.1
495,10170,2018,2,16.200000000000003
496,10171,2018,1,0.8
497,10172,2016,2,3.95
498,10172,2018,5,5.5600000000000005
499,10173,2017,1,0.4
500,10174,2016,3,1.7333333333333332
501,10174,2017,1,13.5
502,10175,2017,1,5.3
503,10176,2017,1,14.3
504,10176,2018,1,1.4
505,10177,2016,1,4.4
506,10177,2017,1,14.4
507,10177,2018,3,3.266666666666667
508,10178,2016,1,1.2
509,10178,2017,1,2.0
510,10178,2018,2,2.4000000000000004
511,10271,2016,2,12.8
512,10271,2017,6,4.3
513,10271,2018,4,1.275
514,10278,2016,6,4.45
515,10278,2017,18,4.027777777777779
516,10278,2018,15,6.400000000000001
517,10279,2017,1,1.5
518,10279,2018,3,4.2
519,10280,2010,9,2.4888888888888894
520,10280,2011,58,5.894827586206896
521,10280,2012,56,5.2803571428571425
522,10280,2013,136,4.614705882352943
523,10280,2014,111,7.359459459459463
524,10280,2015,119,5.19327731092437
525,10280,2016,186,6.016129032258065
526,10280,2017,309,4.633980582524272
527,10280,2018,174,6.198850574712646
528,10281,2010,2,0.7000000000000001
529,10281,2011,23,2.8000000000000003
530,10281,2012,7,4.257142857142857
531,10281,2013,16,4.5562499999999995
532,10281,2014,20,7.615
533,10281,2015,38,6.173684210526316
534,10281,2016,40,4.4275
535,10281,2017,91,2.928571428571428
536,10281,2018,25,4.192
537,10282,2010,7,6.585714285714286
538,10282,2011,38,4.3921052631578945
539,10282,2012,29,4.7172413793103445
540,10282,2013,45,2.4933333333333336
541,10282,2014,35,4.8828571428571435
542,10282,2015,68,5.582352941176473
543,10282,2016,64,7.039062499999997
544,10282,2017,74,6.052702702702701
545,10282,2018,592,5.030236486486486
546,10301,2010,296,4.882770270270271
547,10301,2011,1212,6.751155115511543
548,10301,2012,1500,6.106266666666669
549,10301,2013,1391,5.349604601006476
550,10301,2014,1932,5.915269151138713
551,10301,2015,2460,7.771869918699194
552,10301,2016,2788,8.701614060258265
553,10301,2017,3047,6.51683623235972
554,10301,2018,3288,7.23175182481752
555,10302,2010,103,5.333980582524272
556,10302,2011,553,6.798010849909578
557,10302,2012,649,6.125731895223428
558,10302,2013,687,5.469432314410484
559,10302,2014,976,7.630020491803271
560,10302,2015,1120,7.700535714285713
561,10302,2016,1308,8.017889908256876
562,10302,2017,1552,8.178737113402075
563,10302,2018,1537,9.654716981132072
564,10303,2010,172,5.591279069767441
565,10303,2011,683,6.982723279648617
566,10303,2012,732,6.3232240437158485
567,10303,2013,781,5.288988476312419
568,10303,2014,1293,7.477803557617944
569,10303,2015,1292,7.919040247678017
570,10303,2016,1574,8.083418043202037
571,10303,2017,1789,8.870262716601458
572,10303,2018,2085,10.413381294964028
573,10304,2010,298,4.519463087248327
574,10304,2011,1134,6.519400352733688
575,10304,2012,1264,6.466693037974681
576,10304,2013,1644,5.441849148418494
577,10304,2014,2456,5.8281758957654874
578,10304,2015,2425,7.255175257731959
579,10304,2016,2734,8.754535479151434
580,10304,2017,2921,6.65491270112974
581,10304,2018,3576,7.119071588366874
582,10305,2010,290,6.394482758620693
583,10305,2011,1033,7.829912875120998
584,10305,2012,843,7.397390272835108
585,10305,2013,1119,7.189276139410176
586,10305,2014,1458,7.09396433470508
587,10305,2015,1951,7.843106099436206
588,10305,2016,2460,7.414390243902426
589,10305,2017,2401,7.113660974593923
590,10305,2018,2067,8.270972423802604
591,10306,2010,295,6.066101694915256
592,10306,2011,1071,7.8534080298786115
593,10306,2012,1118,8.218694096601054
594,10306,2013,1290,7.833565891472874
595,10306,2014,1782,6.421941638608312
596,10306,2015,2127,7.048801128349783
597,10306,2016,2440,5.835819672131149
598,10306,2017,2833,6.9199082244970045
599,10306,2018,2372,7.396374367622274
600,10307,2010,65,5.34
601,10307,2011,240,6.0437499999999975
602,10307,2012,230,7.272173913043477
603,10307,2013,472,5.202118644067798
604,10307,2014,522,6.087739463601532
605,10307,2015,619,5.748788368336028
606,10307,2016,475,4.613473684210522
607,10307,2017,567,4.694003527336863
608,10307,2018,552,4.964855072463768
609,10308,2010,136,6.349264705882356
610,10308,2011,518,7.882818532818533
611,10308,2012,543,8.043830570902394
612,10308,2013,577,8.668457538994806
613,10308,2014,879,6.892491467576797
614,10308,2015,1361,7.5765613519471025
615,10308,2016,1348,5.582640949554906
616,10308,2017,1397,6.627129563350035
617,10308,2018,1170,6.965897435897448
618,10309,2010,133,6.165413533834587
619,10309,2011,551,6.735753176043557
620,10309,2012,541,6.711090573012944
621,10309,2013,808,5.201608910891089
622,10309,2014,967,5.6366080661840705
623,10309,2015,1066,6.928330206378997
624,10309,2016,1034,6.678723404255318
625,10309,2017,1376,6.162500000000003
626,10309,2018,1259,5.474503574265287
627,10310,2010,286,5.234615384615385
628,10310,2011,922,6.341214750542303
629,10310,2012,755,6.738278145695365
630,10310,2013,940,5.354893617021279
631,10310,2014,1413,5.818895966029715
632,10310,2015,1833,6.818985270049106
633,10310,2016,1792,9.115011160714284
634,10310,2017,2164,6.771534195933466
635,10310,2018,1892,7.562737843551794
636,10312,2010,317,5.809148264984229
637,10312,2011,1075,6.6138604651162805
638,10312,2012,1065,6.639061032863852
639,10312,2013,1394,5.976040172166426
640,10312,2014,1824,5.94775219298246
641,10312,2015,2611,5.904978935273848
642,10312,2016,2947,4.944180522565331
643,10312,2017,2620,6.135725190839696
644,10312,2018,2373,5.587568478718912
645,10314,2010,438,7.1993150684931555
646,10314,2011,1811,6.857537272225283
647,10314,2012,1642,6.795249695493297
648,10314,2013,2327,6.739922647185215
649,10314,2014,2698,7.398480355819116
650,10314,2015,3231,7.686350974930365
651,10314,2016,3776,7.963612288135584
652,10314,2017,4427,8.548768918003171
653,10314,2018,4640,9.24441810344826
654,10400,2011,1,0.3
655,10451,2010,414,6.191787439613529
656,10451,2011,1394,6.496269727403146
657,10451,2012,1446,7.3130705394190825
658,10451,2013,1905,6.36939632545932
659,10451,2014,2496,7.540625000000011
660,10451,2015,3019,9.108512752567073
661,10451,2016,3220,10.568385093167688
662,10451,2017,4124,10.063627546071777
663,10451,2018,4021,10.152623725441446
664,10452,2010,879,6.962912400455056
665,10452,2011,2652,6.840422322775258
666,10452,2012,3364,7.924405469678959
667,10452,2013,4103,6.505264440653186
668,10452,2014,4890,7.86051124744379
669,10452,2015,5925,10.23210126582277
670,10452,2016,6940,11.045187319884676
671,10452,2017,8182,11.09725006110979
672,10452,2018,8476,10.912340726757941
673,10453,2010,839,4.997854588796184
674,10453,2011,3122,6.204228058936579
675,10453,2012,3256,6.46200859950862
676,10453,2013,3418,7.1673200702165
677,10453,2014,4712,8.306069609507633
678,10453,2015,6259,9.347084198753771
679,10453,2016,7066,8.99282479479194
680,10453,2017,7732,9.056854630108644
681,10453,2018,7586,9.536422356973313
682,10454,2010,276,5.059782608695652
683,10454,2011,840,5.986071428571424
684,10454,2012,1126,6.983214920071047
685,10454,2013,1626,5.850922509225092
686,10454,2014,1769,7.004126625211983
687,10454,2015,2142,8.46101774042952
688,10454,2016,2560,8.864179687499997
689,10454,2017,2694,8.393912397921316
690,10454,2018,3002,8.298101265822769
691,10455,2010,332,5.8536144578313225
692,10455,2011,1110,6.367027027027029
693,10455,2012,1672,5.999043062200953
694,10455,2013,2346,5.201449275362326
695,10455,2014,2308,7.0041161178509475
696,10455,2015,2653,8.704372408594038
697,10455,2016,3185,9.195729984301401
698,10455,2017,3349,7.807435055240369
699,10455,2018,3387,8.321641570711531
700,10456,2010,719,6.49777468706537
701,10456,2011,2798,6.581808434596141
702,10456,2012,2916,7.352263374485585
703,10456,2013,3446,6.362536273940807
704,10456,2014,4797,7.684177611006874
705,10456,2015,6353,9.501196285219576
706,10456,2016,8346,10.31678648454351
707,10456,2017,7448,9.894522019334062
708,10456,2018,7210,9.991858529819712
709,10457,2010,727,5.69325997248968
710,10457,2011,2553,6.342499020759887
711,10457,2012,2649,7.059494148735389
712,10457,2013,3439,6.738470485606266
713,10457,2014,4484,8.269848349687791
714,10457,2015,5594,9.742259563818369
715,10457,2016,6857,9.888333090272695
716,10457,2017,7441,9.311181292836977
717,10457,2018,7381,9.561021541796537
718,10458,2010,888,5.731531531531525
719,10458,2011,3098,6.31946417043254
720,10458,2012,3332,6.81269507803123
721,10458,2013,4170,7.279664268585122
722,10458,2014,5282,7.963820522529343
723,10458,2015,5589,8.716586151368746
724,10458,2016,6553,7.978147413398428
725,10458,2017,7381,7.708738653299024
726,10458,2018,6883,7.18971378759264
727,10459,2010,409,6.306845965770174
728,10459,2011,1576,6.105647208121832
729,10459,2012,1629,6.619459791283
730,10459,2013,1921,7.136595523165008
731,10459,2014,2463,7.665529841656521
732,10459,2015,2781,8.717367853290199
733,10459,2016,3762,9.862626262626241
734,10459,2017,4349,8.951460105771426
735,10459,2018,4134,8.763957426221586
736,10460,2010,733,6.609822646657568
737,10460,2011,2321,6.274278328306778
738,10460,2012,2035,6.517641277641265
739,10460,2013,2361,6.814739517153763
740,10460,2014,3605,8.22940360610264
741,10460,2015,4566,9.150394218134005
742,10460,2016,4945,9.866976744186017
743,10460,2017,5685,8.707053649956011
744,10460,2018,5163,8.64361805152041
745,10461,2010,386,5.280569948186527
746,10461,2011,1655,5.504773413897283
747,10461,2012,1763,5.429268292682924
748,10461,2013,2137,5.6917173607861535
749,10461,2014,3014,7.855076310550779
750,10461,2015,4322,9.399814900509016
751,10461,2016,4992,10.447976762820511
752,10461,2017,5050,9.09176237623762
753,10461,2018,5959,9.491424735693888
754,10462,2010,759,5.23003952569171
755,10462,2011,2986,5.626992632284004
756,10462,2012,2969,5.5232738295722585
757,10462,2013,2757,6.2338048603554554
758,10462,2014,3631,7.91534012668686
759,10462,2015,4720,8.960211864406824
760,10462,2016,4848,10.00096947194718
761,10462,2017,5611,9.514257708073409
762,10462,2018,5675,9.694132158590289
763,10463,2010,623,4.566292134831466
764,10463,2011,2100,5.027809523809522
765,10463,2012,2381,5.451070978580426
766,10463,2013,2482,5.703464947622884
767,10463,2014,3562,6.036861313868615
768,10463,2015,4636,6.7745254529766905
769,10463,2016,5137,6.522600739731353
770,10463,2017,6368,5.915295226130655
771,10463,2018,6660,5.963063063063083
772,10464,2010,31,5.574193548387096
773,10464,2011,173,5.396531791907514
774,10464,2012,179,6.1083798882681535
775,10464,2013,845,5.256213017751485
776,10464,2014,582,7.553780068728513
777,10464,2015,616,10.882305194805198
778,10464,2016,753,10.563346613545821
779,10464,2017,565,7.958584070796456
780,10464,2018,655,8.627786259541974
781,10465,2010,314,6.228343949044586
782,10465,2011,1338,5.851868460388648
783,10465,2012,1325,6.18596226415095
784,10465,2013,1627,5.988998156115548
785,10465,2014,2555,8.217612524461831
786,10465,2015,3249,10.138442597722353
787,10465,2016,3974,10.862707599396055
788,10465,2017,4069,8.142614893094128
789,10465,2018,4145,8.824246079614
790,10466,2010,777,4.53603603603603
791,10466,2011,2558,5.177599687255666
792,10466,2012,2830,6.825265017667851
793,10466,2013,3711,6.517407706817572
794,10466,2014,4585,8.403097055616149
795,10466,2015,5305,10.148086710650295
796,10466,2016,6254,10.941573393028426
797,10466,2017,7084,10.330660643704118
798,10466,2018,6532,10.527510716472765
799,10467,2010,1197,4.594820384294062
800,10467,2011,4246,5.590390956194063
801,10467,2012,4283,6.4170441279477135
802,10467,2013,5189,6.6257467720177505
803,10467,2014,7103,7.823877234971126
804,10467,2015,7838,8.890941566726212
805,10467,2016,8876,9.103841820639934
806,10467,2017,10469,8.914920240710702
807,10467,2018,10083,8.727977784389553
808,10468,2010,806,4.907692307692309
809,10468,2011,3012,5.667994687915009
810,10468,2012,3198,6.281769856160104
811,10468,2013,4237,6.635308000944062
812,10468,2014,5786,7.369028689941218
813,10468,2015,6263,7.823519080312958
814,10468,2016,7806,7.219459390212647
815,10468,2017,10146,6.756978119455959
816,10468,2018,8931,6.475646624118244
817,10469,2010,570,4.491754385964914
818,10469,2011,2589,5.42522209347238
819,10469,2012,2609,5.840820237638951
820,10469,2013,2664,5.976651651651648
821,10469,2014,3589,8.20306492059071
822,10469,2015,4593,9.800936207271938
823,10469,2016,4819,11.290246939199015
824,10469,2017,5589,10.536732868133836
825,10469,2018,5203,10.687910820680369
826,10470,2010,181,3.9320441988950283
827,10470,2011,655,5.419694656488546
828,10470,2012,587,7.128449744463369
829,10470,2013,839,6.102502979737786
830,10470,2014,1070,8.801682242990667
831,10470,2015,1452,10.593457300275487
832,10470,2016,1859,11.921194190424966
833,10470,2017,2001,11.564967516241882
834,10470,2018,2428,11.213920922569997
835,10471,2010,167,4.682634730538921
836,10471,2011,507,5.63747534516766
837,10471,2012,482,5.311825726141078
838,10471,2013,563,5.311367673179394
839,10471,2014,677,6.101624815361895
840,10471,2015,930,7.410645161290321
841,10471,2016,1325,6.687999999999994
842,10471,2017,1649,5.693875075803525
843,10471,2018,1783,6.30201906898486
844,10472,2010,581,6.66351118760757
845,10472,2011,2209,7.608827523766399
846,10472,2012,2482,7.1628525382755726
847,10472,2013,3030,6.264257425742584
848,10472,2014,3973,8.594185753838419
849,10472,2015,5459,7.523154423887124
850,10472,2016,8107,6.890415690144321
851,10472,2017,8276,6.6646205896567885
852,10472,2018,7011,6.782998145770882
853,10473,2010,330,6.790909090909083
854,10473,2011,1417,7.684968242766418
855,10473,2012,1998,6.70430430430431
856,10473,2013,1938,6.710629514963875
857,10473,2014,2724,8.3635462555066
858,10473,2015,2928,8.38531420765028
859,10473,2016,3464,8.410046189376446
860,10473,2017,4316,7.909661723818365
861,10473,2018,4376,8.300137111517364
862,10474,2010,97,8.300000000000002
863,10474,2011,463,6.953131749460043
864,10474,2012,424,7.445754716981128
865,10474,2013,668,7.4158682634730555
866,10474,2014,959,6.847653806047971
867,10474,2015,1288,8.390139751552793
868,10474,2016,1415,9.520000000000014
869,10474,2017,1452,9.181267217630866
870,10474,2018,1814,8.815656008820298
871,10475,2010,73,4.852054794520546
872,10475,2011,273,6.343223443223442
873,10475,2012,372,6.198924731182793
874,10475,2013,286,6.5968531468531495
875,10475,2014,656,8.276829268292687
876,10475,2015,629,9.623211446740868
877,10475,2016,624,10.6235576923077
878,10475,2017,820,9.335000000000003
879,10475,2018,752,9.761569148936177
880,10803,2013,2,11.1
881,10803,2014,2,9.55
882,10803,2015,4,6.525
883,10803,2016,1,18.9
884,11001,2010,23,8.695652173913041
885,11001,2011,87,7.368965517241378
886,11001,2012,73,7.702739726027398
887,11001,2013,60,7.263333333333332
888,11001,2014,145,7.297241379310343
889,11001,2015,230,9.785652173913046
890,11001,2016,319,10.278683385579935
891,11001,2017,333,11.322822822822824
892,11001,2018,244,7.843032786885244
893,11004,2010,55,6.994545454545453
894,11004,2011,212,6.919811320754716
895,11004,2012,251,8.287649402390441
896,11004,2013,312,5.883333333333337
897,11004,2014,330,8.469090909090916
898,11004,2015,430,10.135581395348831
899,11004,2016,534,10.722284644194755
900,11004,2017,479,9.121294363256784
901,11004,2018,372,7.2572580645161295
902,11005,2012,2,2.25
903,11005,2013,1,2.8
904,11005,2014,3,12.6
905,11005,2015,2,2.2
906,11005,2017,1,4.5
907,11005,2018,2,7.75
908,11040,2010,18,9.044444444444444
909,11040,2011,54,8.13148148148148
910,11040,2012,23,9.23913043478261
911,11040,2013,63,5.607936507936508
912,11040,2014,78,10.237179487179487
913,11040,2015,136,9.211029411764704
914,11040,2016,129,8.733333333333336
915,11040,2017,169,11.213017751479292
916,11040,2018,168,9.080357142857146
917,11096,2017,1,0.1
918,11101,2010,527,6.296963946869064
919,11101,2011,1742,6.271125143513202
920,11101,2012,1994,7.1020060180541575
921,11101,2013,2298,6.822671888598768
922,11101,2014,3659,7.043727794479342
923,11101,2015,4144,9.059049227799218
924,11101,2016,5087,9.839197955573034
925,11101,2017,5972,8.258523107836567
926,11101,2018,6372,9.558929692404263
927,11102,2010,352,5.5644886363636346
928,11102,2011,1335,5.947940074906363
929,11102,2012,1314,6.058828006088278
930,11102,2013,1572,6.62003816793893
931,11102,2014,2531,6.103674436981424
932,11102,2015,2949,8.401390301797244
933,11102,2016,3345,8.852944693572482
934,11102,2017,3816,7.0448637316561715
935,11102,2018,3680,8.534918478260888
936,11103,2010,404,4.405445544554455
937,11103,2011,1626,5.748154981549821
938,11103,2012,1842,6.1636264929424405
939,11103,2013,2069,6.764137264378915
940,11103,2014,3005,6.516871880199648
941,11103,2015,3598,8.56017231795442
942,11103,2016,3476,9.449309551208298
943,11103,2017,4067,7.239906565035625
944,11103,2018,4643,8.439478785268143
945,11104,2010,237,4.8628691983122385
946,11104,2011,898,5.457906458797318
947,11104,2012,860,7.450697674418594
948,11104,2013,1067,6.91940018744142
949,11104,2014,1327,8.984853051996982
950,11104,2015,2014,10.144240317775564
951,11104,2016,1870,11.127005347593554
952,11104,2017,2078,10.119826756496618
953,11104,2018,1685,11.011988130563818
954,11105,2010,326,5.452147239263807
955,11105,2011,1267,5.784688239936856
956,11105,2012,1155,5.606233766233764
957,11105,2013,1530,6.350065359477113
958,11105,2014,1889,6.2747485442032955
959,11105,2015,2331,8.326254826254829
960,11105,2016,2452,9.308238172920076
961,11105,2017,3214,6.9203795892968225
962,11105,2018,2817,8.438196663116793
963,11106,2010,578,5.479411764705888
964,11106,2011,1560,5.699935897435893
965,11106,2012,1815,6.147823691460067
966,11106,2013,2297,6.152677405311264
967,11106,2014,2906,6.264177563661387
968,11106,2015,3322,8.291902468392527
969,11106,2016,3804,9.295399579390105
970,11106,2017,4153,7.149602696845662
971,11106,2018,3415,7.981259150805279
972,11109,2010,1,1.7
973,11109,2011,35,5.225714285714285
974,11109,2012,28,5.996428571428572
975,11109,2013,62,5.791935483870969
976,11109,2014,87,8.22528735632184
977,11109,2015,115,8.149565217391306
978,11109,2016,69,9.585507246376812
979,11109,2017,173,9.26994219653179
980,11109,2018,201,9.902487562189057
981,11201,2010,503,5.288071570576543
982,11201,2011,1627,6.025015365703753
983,11201,2012,1684,5.8140736342042745
984,11201,2013,2387,5.553204859656472
985,11201,2014,3165,5.490932069510259
986,11201,2015,3713,6.861971451656357
987,11201,2016,4299,6.585764131193302
988,11201,2017,4728,6.0799069373942265
989,11201,2018,5304,6.059898190045249
990,11203,2010,692,5.649421965317921
991,11203,2011,3043,6.420966151823862
992,11203,2012,3394,7.171891573364759
993,11203,2013,3455,6.845933429811859
994,11203,2014,4561,7.347073010304772
995,11203,2015,4987,6.710968518147166
996,11203,2016,6019,7.114786509386926
997,11203,2017,6909,6.74463742943985
998,11203,2018,6038,8.683189797946342
999,11204,2010,551,5.511252268602533
1000,11204,2011,2188,6.063893967093246
1001,11204,2012,2773,6.216408222142103
1002,11204,2013,2727,5.3955628896222985
1003,11204,2014,3346,6.125851763299449
1004,11204,2015,4067,6.427022375215171
1005,11204,2016,5256,6.601997716894977
1006,11204,2017,5999,5.981963660610108
1007,11204,2018,6809,4.7850198266999495
1008,11205,2010,320,5.768750000000002
1009,11205,2011,1442,5.954646324549238
1010,11205,2012,1595,6.199059561128529
1011,11205,2013,2458,5.822050447518306
1012,11205,2014,3307,5.994950105836107
1013,11205,2015,3798,6.621432332806758
1014,11205,2016,8835,6.958687040181082
1015,11205,2017,6050,5.113785123966936
1016,11205,2018,5907,5.796783477230387
1017,11206,2010,695,5.520719424460428
1018,11206,2011,2706,6.079822616407977
1019,11206,2012,3198,6.593151969981249
1020,11206,2013,4098,6.431307955100046
1021,11206,2014,6301,6.31358514521504
1022,11206,2015,7456,7.423524678111593
1023,11206,2016,7622,6.960823930726846
1024,11206,2017,7907,5.974415075249783
1025,11206,2018,7914,6.6044604498357415
1026,11207,2010,828,5.358816425120764
1027,11207,2011,3218,6.013393412057175
1028,11207,2012,3440,6.3568313953488245
1029,11207,2013,4088,6.439261252446187
1030,11207,2014,5482,6.975775264502014
1031,11207,2015,6989,7.048461868650734
1032,11207,2016,7648,7.706851464435138
1033,11207,2017,8475,7.256000000000016
1034,11207,2018,8277,6.666400869880401
1035,11208,2010,724,6.231077348066304
1036,11208,2011,3098,6.494222078760486
1037,11208,2012,3108,6.022490347490349
1038,11208,2013,4206,6.228174037089869
1039,11208,2014,5311,7.107192619092441
1040,11208,2015,6494,7.516476747767144
1041,11208,2016,7715,8.188152948801038
1042,11208,2017,9852,7.204709703613455
1043,11208,2018,9205,6.651754481260192
1044,11209,2010,612,5.042320261437907
1045,11209,2011,2206,4.910471441523105
1046,11209,2012,2149,6.05086086551884
1047,11209,2013,2478,6.256456820016147
1048,11209,2014,4379,6.755172413793095
1049,11209,2015,5260,5.695494296577912
1050,11209,2016,6752,7.447334123222718
1051,11209,2017,7725,7.312220064724822
1052,11209,2018,6203,7.158439464775027
1053,11210,2010,548,5.431934306569342
1054,11210,2011,2264,6.436351590106006
1055,11210,2012,2277,8.059683794466405
1056,11210,2013,2399,7.594539391413099
1057,11210,2014,3503,7.279902940336838
1058,11210,2015,3828,8.792371995820266
1059,11210,2016,4631,8.728179658820965
1060,11210,2017,4755,9.05793901156677
1061,11210,2018,4893,8.551175148170847
1062,11211,2010,981,5.464729867482163
1063,11211,2011,4001,6.237190702324416
1064,11211,2012,3627,5.845161290322603
1065,11211,2013,3564,5.896071829405174
1066,11211,2014,5164,6.347405112316034
1067,11211,2015,6636,7.203013863773377
1068,11211,2016,6827,6.843752746447935
1069,11211,2017,7557,6.217678973137452
1070,11211,2018,7011,5.736471259449407
1071,11212,2010,715,5.416783216783221
1072,11212,2011,3108,5.910907335907354
1073,11212,2012,3181,7.453725243634067
1074,11212,2013,3301,6.734989397152381
1075,11212,2014,3477,6.123756111590435
1076,11212,2015,4240,5.822146226415085
1077,11212,2016,5213,6.876769614425504
1078,11212,2017,5563,6.7834981125292
1079,11212,2018,5301,6.777777777777777
1080,11213,2010,542,5.208856088560883
1081,11213,2011,2308,6.100953206239168
1082,11213,2012,2427,6.574165636588377
1083,11213,2013,3041,7.108220979940798
1084,11213,2014,4597,7.034435501413972
1085,11213,2015,5380,7.533215613382895
1086,11213,2016,5430,7.277587476979752
1087,11213,2017,6435,6.968049728049721
1088,11213,2018,5508,7.979357298474939
1089,11214,2010,710,5.791971830985912
1090,11214,2011,2227,6.448450830713974
1091,11214,2012,2258,6.820239149689989
1092,11214,2013,2546,5.9242340926944275
1093,11214,2014,3670,6.487465940054497
1094,11214,2015,4511,6.523165595211705
1095,11214,2016,5971,6.557796014067963
1096,11214,2017,7287,6.402099629477134
1097,11214,2018,7106,4.694356881508587
1098,11215,2010,561,5.741711229946526
1099,11215,2011,1984,6.309627016129035
1100,11215,2012,2076,8.071531791907525
1101,11215,2013,2505,6.597564870259476
1102,11215,2014,3532,6.270385050962638
1103,11215,2015,3920,6.238061224489775
1104,11215,2016,4437,7.2157764255127015
1105,11215,2017,5129,7.067167089101175
1106,11215,2018,4958,7.265268253327969
1107,11216,2010,487,4.780903490759755
1108,11216,2011,2309,5.017496751840628
1109,11216,2012,2788,5.474605451936871
1110,11216,2013,3576,5.668036912751681
1111,11216,2014,5521,5.3088389784459356
1112,11216,2015,6379,5.695171656999507
1113,11216,2016,7089,6.161842290873215
1114,11216,2017,6868,5.989749563191606
1115,11216,2018,5389,8.112005938021893
1116,11217,2010,496,5.538911290322576
1117,11217,2011,2153,5.551091500232247
1118,11217,2012,1919,7.0721208963001665
1119,11217,2013,2479,5.9130697862041215
1120,11217,2014,2834,5.2255469301340804
1121,11217,2015,3658,5.337479496992886
1122,11217,2016,4867,5.181877953564826
1123,11217,2017,5737,5.049032595433144
1124,11217,2018,4370,5.895263157894722
1125,11218,2010,608,5.199671052631584
1126,11218,2011,2168,6.244880073800746
1127,11218,2012,2323,6.9389151958674296
1128,11218,2013,3260,6.145705521472398
1129,11218,2014,4393,6.658729797404957
1130,11218,2015,5387,7.511100798217932
1131,11218,2016,5614,7.6266832917705845
1132,11218,2017,6998,7.788125178622424
1133,11218,2018,5361,8.683566498787535
1134,11219,2010,466,5.434334763948499
1135,11219,2011,1616,5.869554455445549
1136,11219,2012,1603,7.064316905801625
1137,11219,2013,1853,6.05078251484079
1138,11219,2014,3110,6.4302893890675294
1139,11219,2015,4239,6.691365888181173
1140,11219,2016,4773,7.1581395348837065
1141,11219,2017,4898,7.454369130257262
1142,11219,2018,4127,7.788320814150688
1143,11220,2010,650,5.4304615384615404
1144,11220,2011,2304,6.055164930555562
1145,11220,2012,2397,7.25448477263247
1146,11220,2013,2864,6.130167597765369
1147,11220,2014,4276,7.336506080449014
1148,11220,2015,5968,8.629457104557622
1149,11220,2016,6481,9.51425705909581
1150,11220,2017,7305,8.76548939082817
1151,11220,2018,6896,8.258845707656574
1152,11221,2010,592,5.22922297297297
1153,11221,2011,2480,5.944838709677421
1154,11221,2012,3090,7.004012944983807
1155,11221,2013,3751,6.1098373766995335
1156,11221,2014,5600,6.267357142857141
1157,11221,2015,7056,6.6261621315192825
1158,11221,2016,8334,6.534701223902078
1159,11221,2017,9202,6.021310584655495
1160,11221,2018,8608,6.834223977695178
1161,11222,2010,358,5.2407821229050295
1162,11222,2011,1360,4.792132352941174
1163,11222,2012,1522,4.343955321944809
1164,11222,2013,1972,4.48914807302232
1165,11222,2014,2631,4.6685670847586564
1166,11222,2015,3028,5.626717305151904
1167,11222,2016,3842,6.343414888079135
1168,11222,2017,4483,6.422038813294632
1169,11222,2018,4007,6.205315697529332
1170,11223,2010,586,6.0759385665528995
1171,11223,2011,2474,7.194462409054169
1172,11223,2012,2756,7.899238026124818
1173,11223,2013,3110,6.84974276527328
1174,11223,2014,3880,7.675953608247418
1175,11223,2015,4932,8.22702757502026
1176,11223,2016,5420,8.698616236162357
1177,11223,2017,6726,7.8725840023788045
1178,11223,2018,7102,6.52444381864263
1179,11224,2010,219,6.230136986301371
1180,11224,2011,833,6.560264105642253
1181,11224,2012,710,6.852957746478872
1182,11224,2013,748,7.6264705882352954
1183,11224,2014,1584,7.550820707070709
1184,11224,2015,1793,8.494980479643061
1185,11224,2016,1975,9.166329113924046
1186,11224,2017,2080,10.019326923076909
1187,11224,2018,1972,8.540922920892514
1188,11225,2010,624,5.321634615384617
1189,11225,2011,2299,6.757894736842111
1190,11225,2012,2658,6.434085778781033
1191,11225,2013,3776,7.279502118644064
1192,11225,2014,3856,8.496784232365153
1193,11225,2015,5094,8.325539850804885
1194,11225,2016,5442,8.185961043733913
1195,11225,2017,6956,7.415368027602071
1196,11225,2018,6584,8.116722357229646
1197,11226,2010,1232,5.667532467532468
1198,11226,2011,4568,6.45332749562173
1199,11226,2012,6090,8.193004926108385
1200,11226,2013,6366,7.8804115614200425
1201,11226,2014,8348,7.419082414949676
1202,11226,2015,9616,8.536231281198008
1203,11226,2016,10224,8.760093896713647
1204,11226,2017,11544,8.05418399168395
1205,11226,2018,10666,8.507669229326806
1206,11228,2010,293,5.179863481228668
1207,11228,2011,924,5.545346320346325
1208,11228,2012,870,6.272298850574707
1209,11228,2013,1093,5.654986276303749
1210,11228,2014,1855,6.280323450134765
1211,11228,2015,2413,5.9886448404475825
1212,11228,2016,3685,6.478127544097678
1213,11228,2017,4827,6.318375802776015
1214,11228,2018,4221,5.660530679933647
1215,11229,2010,834,5.784412470023982
1216,11229,2011,2546,6.781068342498041
1217,11229,2012,2313,8.157976653696503
1218,11229,2013,2762,7.443845039826223
1219,11229,2014,3619,8.427908261950808
1220,11229,2015,4144,9.388682432432436
1221,11229,2016,4929,10.326861432339172
1222,11229,2017,5527,8.85008141849102
1223,11229,2018,5417,8.666143621930907
1224,11230,2010,838,5.078281622911691
1225,11230,2011,3102,6.182140554480978
1226,11230,2012,3138,7.977565328234556
1227,11230,2013,3370,7.200267062314545
1228,11230,2014,4757,7.298591549295801
1229,11230,2015,5659,9.270436472875035
1230,11230,2016,6196,9.447417688831491
1231,11230,2017,6918,8.692382191384775
1232,11230,2018,7232,8.665265486725652
1233,11231,2010,326,5.7530674846625764
1234,11231,2011,1095,6.263378995433798
1235,11231,2012,1036,6.006949806949802
1236,11231,2013,1472,5.165489130434782
1237,11231,2014,1606,4.934246575342461
1238,11231,2015,2065,5.9961743341404246
1239,11231,2016,2578,6.011636927851049
1240,11231,2017,2619,5.472088583428793
1241,11231,2018,2434,5.048479868529168
1242,11232,2010,195,4.794358974358974
1243,11232,2011,930,6.432795698924729
1244,11232,2012,1152,6.742534722222221
1245,11232,2013,1345,6.11241635687732
1246,11232,2014,1953,7.873323092677926
1247,11232,2015,2394,9.699164578111937
1248,11232,2016,2251,9.889071523767212
1249,11232,2017,2651,8.743078083741986
1250,11232,2018,2351,9.243002977456397
1251,11233,2010,361,5.521329639889195
1252,11233,2011,1857,6.514162627894457
1253,11233,2012,2147,7.731858407079647
1254,11233,2013,2715,6.853664825046045
1255,11233,2014,3819,7.106101073579477
1256,11233,2015,4459,7.325857815653736
1257,11233,2016,5241,6.912783819881694
1258,11233,2017,6279,6.224175824175824
1259,11233,2018,6347,6.4502442098629205
1260,11234,2010,741,5.916599190283397
1261,11234,2011,2966,6.628624409979762
1262,11234,2012,3162,7.003826691967107
1263,11234,2013,3992,6.85242985971945
1264,11234,2014,5387,6.613736773714504
1265,11234,2015,6780,8.074631268436585
1266,11234,2016,8451,8.049579931369061
1267,11234,2017,9227,9.004996206784446
1268,11234,2018,7733,7.800012931591876
1269,11235,2010,623,5.826805778491167
1270,11235,2011,2376,7.268181818181804
1271,11235,2012,2341,7.722511747116607
1272,11235,2013,2609,7.561364507474136
1273,11235,2014,3832,7.621998956158666
1274,11235,2015,4776,9.357705192629838
1275,11235,2016,5741,10.04920745514717
1276,11235,2017,5949,8.878635064716722
1277,11235,2018,5757,8.639082855653985
1278,11236,2010,672,5.309523809523809
1279,11236,2011,2943,5.499558273870206
1280,11236,2012,3285,6.29704718417046
1281,11236,2013,3276,6.265018315018318
1282,11236,2014,4268,7.293603561387074
1283,11236,2015,5648,7.9125885269121845
1284,11236,2016,6801,8.97901779150121
1285,11236,2017,7512,8.520487220447286
1286,11236,2018,6523,8.336348305994155
1287,11237,2010,508,5.18484251968504
1288,11237,2011,2058,5.512001943634601
1289,11237,2012,2396,6.792362270450751
1290,11237,2013,3159,5.9226020892687705
1291,11237,2014,4421,5.5944130287265335
1292,11237,2015,5801,5.744457852094455
1293,11237,2016,7463,6.522685247219638
1294,11237,2017,8364,5.676745576279294
1295,11237,2018,7076,6.72338892029394
1296,11238,2010,571,6.173380035026272
1297,11238,2011,2799,5.984744551625584
1298,11238,2012,2907,6.300963192294469
1299,11238,2013,4046,6.229238754325255
1300,11238,2014,5423,6.018956297252444
1301,11238,2015,6466,6.519161769254541
1302,11238,2016,7484,6.274131480491694
1303,11238,2017,7481,5.942186873412637
1304,11238,2018,7403,6.953964608942263
1305,11239,2010,25,11.551999999999998
1306,11239,2011,61,5.27704918032787
1307,11239,2012,63,5.536507936507936
1308,11239,2013,70,6.552857142857142
1309,11239,2014,211,7.156872037914693
1310,11239,2015,299,6.762207357859532
1311,11239,2016,251,9.412350597609551
1312,11239,2017,311,7.204180064308682
1313,11239,2018,399,7.016040100250632
1314,11241,2014,4,1.525
1315,11241,2017,2,10.8
1316,11242,2013,1,5.0
1317,11242,2014,3,11.533333333333331
1318,11242,2015,1,0.6
1319,11242,2016,2,8.7
1320,11242,2018,1,1.7
1321,11243,2011,2,9.2
1322,11249,2012,1090,5.368256880733947
1323,11249,2013,2008,5.9032868525896465
1324,11249,2014,2314,6.00159896283492
1325,11249,2015,2699,7.137865876250468
1326,11249,2016,3535,7.375954738330981
1327,11249,2017,3483,6.354694229112863
1328,11249,2018,3272,5.914853300733508
1329,11251,2013,1,0.1
1330,11251,2014,6,1.6500000000000001
1331,11251,2015,3,0.26666666666666666
1332,11251,2016,11,2.663636363636364
1333,11251,2017,4,1.2000000000000002
1334,11251,2018,1,0.5
1335,11354,2010,384,3.486197916666669
1336,11354,2011,1224,4.295424836601305
1337,11354,2012,1175,5.031999999999996
1338,11354,2013,1771,5.994240542066635
1339,11354,2014,1897,5.298365840801263
1340,11354,2015,2437,6.452072219942555
1341,11354,2016,2601,5.739100346020769
1342,11354,2017,3318,5.269318866787217
1343,11354,2018,3047,5.559041680341313
1344,11355,2010,483,3.988198757763977
1345,11355,2011,1840,4.07391304347826
1346,11355,2012,1919,5.5767066180302365
1347,11355,2013,2235,5.814138702460855
1348,11355,2014,2835,5.746490299823645
1349,11355,2015,3670,6.257384196185295
1350,11355,2016,4892,6.118806214227315
1351,11355,2017,5145,5.444761904761899
1352,11355,2018,5259,6.109412435824304
1353,11356,2010,265,3.997735849056605
1354,11356,2011,1009,4.2043607532210086
1355,11356,2012,893,5.54300111982083
1356,11356,2013,1149,6.010269799825929
1357,11356,2014,1796,5.683574610244992
1358,11356,2015,1970,6.7173604060913705
1359,11356,2016,2556,6.250938967136142
1360,11356,2017,3057,5.689303238469084
1361,11356,2018,2848,6.146418539325844
1362,11357,2010,222,3.3355855855855863
1363,11357,2011,750,4.432266666666667
1364,11357,2012,838,5.53639618138425
1365,11357,2013,996,5.816265060240958
1366,11357,2014,1262,5.932963549920762
1367,11357,2015,1709,7.109947337624338
1368,11357,2016,1952,6.434016393442626
1369,11357,2017,2415,5.695983436853006
1370,11357,2018,2260,6.165442477876105
1371,11358,2010,297,4.381481481481486
1372,11358,2011,1149,4.720974760661446
1373,11358,2012,1014,5.6431952662721905
1374,11358,2013,1175,5.781021276595744
1375,11358,2014,1758,5.848350398179735
1376,11358,2015,2214,6.425745257452587
1377,11358,2016,2187,6.126245999085493
1378,11358,2017,2336,5.592294520547955
1379,11358,2018,2444,6.0951718494271745
1380,11359,2013,2,1.15
1381,11359,2014,1,0.7
1382,11359,2016,2,3.1500000000000004
1383,11359,2017,5,4.5
1384,11359,2018,4,5.9750000000000005
1385,11360,2010,88,3.072727272727271
1386,11360,2011,418,4.856220095693781
1387,11360,2012,270,6.066296296296296
1388,11360,2013,392,6.540051020408168
1389,11360,2014,409,5.8569682151589255
1390,11360,2015,523,5.735564053537284
1391,11360,2016,670,5.671492537313429
1392,11360,2017,625,6.062240000000002
1393,11360,2018,753,6.098007968127494
1394,11361,2010,152,4.570394736842106
1395,11361,2011,570,4.672631578947366
1396,11361,2012,613,5.7370309951060365
1397,11361,2013,725,5.166482758620689
1398,11361,2014,906,5.0616997792494525
1399,11361,2015,1288,5.195962732919256
1400,11361,2016,1529,5.197841726618698
1401,11361,2017,1785,5.232717086834735
1402,11361,2018,1795,5.899052924791098
1403,11362,2010,49,5.7265306122449
1404,11362,2011,253,4.172727272727272
1405,11362,2012,270,6.536296296296293
1406,11362,2013,342,5.318421052631579
1407,11362,2014,488,5.834631147540988
1408,11362,2015,489,5.045807770961144
1409,11362,2016,635,4.965511811023621
1410,11362,2017,639,5.0503912363067265
1411,11362,2018,661,5.6456883509833595
1412,11363,2010,35,5.037142857142857
1413,11363,2011,169,5.346153846153848
1414,11363,2012,145,6.149655172413795
1415,11363,2013,204,5.5348039215686295
1416,11363,2014,250,5.178399999999999
1417,11363,2015,358,4.918994413407816
1418,11363,2016,372,5.6491935483871005
1419,11363,2017,349,5.630085959885389
1420,11363,2018,386,6.018652849740938
1421,11364,2010,126,3.9476190476190474
1422,11364,2011,428,5.018691588785048
1423,11364,2012,398,5.5115577889447245
1424,11364,2013,537,5.867411545623833
1425,11364,2014,740,5.660270270270268
1426,11364,2015,894,5.142170022371356
1427,11364,2016,1035,5.678743961352656
1428,11364,2017,1267,6.00402525651145
1429,11364,2018,1385,6.1308303249097476
1430,11365,2010,258,6.819379844961241
1431,11365,2011,916,7.664519650655021
1432,11365,2012,891,7.692255892255904
1433,11365,2013,1269,7.893065405831361
1434,11365,2014,1615,6.276099071207429
1435,11365,2015,1690,7.253905325443799
1436,11365,2016,2283,7.579369250985544
1437,11365,2017,2729,6.944961524367898
1438,11365,2018,2655,7.121958568738224
1439,11366,2010,86,7.140697674418605
1440,11366,2011,389,8.186889460154237
1441,11366,2012,397,8.22191435768262
1442,11366,2013,438,8.545890410958904
1443,11366,2014,742,6.250269541778974
1444,11366,2015,1804,6.176773835920193
1445,11366,2016,1902,6.574605678233456
1446,11366,2017,4103,3.5287350718986517
1447,11366,2018,5385,3.8590714948932363
1448,11367,2010,235,6.914893617021273
1449,11367,2011,891,6.979461279461282
1450,11367,2012,816,7.483578431372541
1451,11367,2013,977,7.893039918116694
1452,11367,2014,1647,5.59502125075896
1453,11367,2015,1567,7.9007019783024734
1454,11367,2016,1976,8.16735829959516
1455,11367,2017,2352,6.774872448979598
1456,11367,2018,2161,6.531374363720512
1457,11368,2010,895,3.872737430167596
1458,11368,2011,3031,4.26047509072914
1459,11368,2012,3562,5.12198203256597
1460,11368,2013,4403,5.283761071996355
1461,11368,2014,5955,5.259277917716214
1462,11368,2015,7576,6.608579725448786
1463,11368,2016,9087,6.534653901177523
1464,11368,2017,9920,7.092641129032202
1465,11368,2018,8513,7.269117819804998
1466,11369,2010,423,4.548463356973995
1467,11369,2011,1630,5.214110429447864
1468,11369,2012,1719,5.642873763816174
1469,11369,2013,2104,5.217062737642588
1470,11369,2014,2671,5.168214152003007
1471,11369,2015,3222,6.51235257603973
1472,11369,2016,3625,6.7761655172413775
1473,11369,2017,4147,8.63544731130938
1474,11369,2018,3504,6.904109589041089
1475,11370,2010,193,5.5015544041450815
1476,11370,2011,812,5.164655172413796
1477,11370,2012,880,5.498977272727279
1478,11370,2013,1178,5.8393039049236055
1479,11370,2014,1624,6.003263546798026
1480,11370,2015,1827,6.953913519430771
1481,11370,2016,1853,7.577226119805719
1482,11370,2017,2185,8.32018306636153
1483,11370,2018,2532,7.476777251184849
1484,11371,2011,3,2.066666666666667
1485,11371,2012,1,0.2
1486,11371,2013,1,0.5
1487,11371,2014,2,2.45
1488,11371,2015,2,12.25
1489,11371,2016,11,6.636363636363637
1490,11371,2017,2,7.25
1491,11372,2010,618,5.0763754045307445
1492,11372,2011,1777,5.447158131682611
1493,11372,2012,2020,5.506089108910886
1494,11372,2013,2356,5.8509762308998265
1495,11372,2014,3574,5.900167879127015
1496,11372,2015,3538,6.333295647258342
1497,11372,2016,3819,6.76891856506939
1498,11372,2017,4359,8.306285845377376
1499,11372,2018,4089,7.045121056493045
1500,11373,2010,687,3.601746724890829
1501,11373,2011,2315,4.028207343412532
1502,11373,2012,2918,4.886017820424944
1503,11373,2013,3350,5.011223880597019
1504,11373,2014,4268,5.540065604498594
1505,11373,2015,5130,6.684502923976604
1506,11373,2016,5647,6.690366566318411
1507,11373,2017,6658,6.4463502553319225
1508,11373,2018,6316,7.447815072830871
1509,11374,2010,331,3.154380664652567
1510,11374,2011,1144,4.231818181818179
1511,11374,2012,1178,4.481833616298808
1512,11374,2013,1663,4.476608538785332
1513,11374,2014,1908,5.808490566037731
1514,11374,2015,2462,7.131844029244525
1515,11374,2016,2831,8.025150123631231
1516,11374,2017,3165,10.784928909952615
1517,11374,2018,2731,10.584804101061867
1518,11375,2010,557,3.4170556552962306
1519,11375,2011,1587,4.182356647763076
1520,11375,2012,1455,4.429965635738822
1521,11375,2013,1793,4.688455103179023
1522,11375,2014,2328,5.413659793814437
1523,11375,2015,3066,6.726712328767109
1524,11375,2016,2976,7.801545698924737
1525,11375,2017,3849,10.165523512600634
1526,11375,2018,3385,10.851255539143299
1527,11377,2010,964,5.818153526970959
1528,11377,2011,3029,6.25790689996697
1529,11377,2012,3315,6.695535444947198
1530,11377,2013,3369,7.384060552092611
1531,11377,2014,4824,8.024274461028185
1532,11377,2015,6155,9.702242079610016
1533,11377,2016,6335,10.531033938437277
1534,11377,2017,7764,9.704134466769727
1535,11377,2018,6716,10.278662894580096
1536,11378,2010,413,6.222033898305085
1537,11378,2011,1893,6.996936080295827
1538,11378,2012,1700,8.987941176470589
1539,11378,2013,1986,7.285347432024175
1540,11378,2014,2845,8.711001757469242
1541,11378,2015,3581,9.111170064227881
1542,11378,2016,4901,9.743134054274606
1543,11378,2017,5386,11.679948013367971
1544,11378,2018,5499,8.876395708310616
1545,11379,2010,337,4.937982195845696
1546,11379,2011,1317,6.4776765375854275
1547,11379,2012,1241,9.06454472199838
1548,11379,2013,1575,7.8162539682539665
1549,11379,2014,1947,8.773343605547002
1550,11379,2015,2722,9.024687729610585
1551,11379,2016,3017,9.501392111368913
1552,11379,2017,3784,11.51778541226216
1553,11379,2018,3870,8.937390180878573
1554,11385,2010,1085,5.552534562211977
1555,11385,2011,3717,6.138740920096865
1556,11385,2012,3575,8.591832167832147
1557,11385,2013,4337,7.085058796403027
1558,11385,2014,6109,8.365804550662931
1559,11385,2015,8420,8.503705463182898
1560,11385,2016,11193,8.790610202805292
1561,11385,2017,12454,10.687465874417853
1562,11385,2018,12331,7.817557375719762
1563,11411,2010,77,8.903896103896104
1564,11411,2011,432,7.371759259259265
1565,11411,2012,687,5.9037845705967955
1566,11411,2013,576,5.943229166666672
1567,11411,2014,696,7.527873563218393
1568,11411,2015,833,9.056182472989205
1569,11411,2016,851,9.779318448883672
1570,11411,2017,1015,8.75044334975369
1571,11411,2018,1006,7.562127236580527
1572,11412,2010,214,7.237383177570094
1573,11412,2011,919,7.688465723612623
1574,11412,2012,984,8.235264227642269
1575,11412,2013,1038,7.370616570327568
1576,11412,2014,1467,6.5644171779141125
1577,11412,2015,1704,7.350000000000008
1578,11412,2016,1943,7.752650540401437
1579,11412,2017,2388,7.055695142378552
1580,11412,2018,2086,6.75105465004794
1581,11413,2010,188,8.307446808510642
1582,11413,2011,918,8.024836601307193
1583,11413,2012,993,8.121651560926468
1584,11413,2013,1049,6.805719733079133
1585,11413,2014,1395,7.886164874551986
1586,11413,2015,1695,9.170855457227148
1587,11413,2016,1946,9.339516957862266
1588,11413,2017,2445,9.053210633946824
1589,11413,2018,2267,7.828760476400545
1590,11414,2010,129,5.3573643410852725
1591,11414,2011,595,7.029915966386559
1592,11414,2012,666,8.288738738738745
1593,11414,2013,720,8.539444444444449
1594,11414,2014,1223,6.869501226492229
1595,11414,2015,1474,8.285753052917217
1596,11414,2016,1900,8.04294736842107
1597,11414,2017,1946,7.063001027749229
1598,11414,2018,1767,6.520939445387666
1599,11415,2010,282,5.557801418439716
1600,11415,2011,999,5.5295295295295155
1601,11415,2012,817,6.2682986536107705
1602,11415,2013,852,6.338028169014086
1603,11415,2014,1372,5.841690962099116
1604,11415,2015,1781,6.930656934306575
1605,11415,2016,1897,7.912440695835531
1606,11415,2017,1610,8.401552795031057
1607,11415,2018,1412,7.36947592067988
1608,11416,2010,220,5.407727272727275
1609,11416,2011,991,5.6637739656912105
1610,11416,2012,1196,5.900250836120406
1611,11416,2013,1486,5.8748990578734865
1612,11416,2014,2026,5.738598223099704
1613,11416,2015,2615,8.094952198852777
1614,11416,2016,3293,8.432675372001206
1615,11416,2017,3670,8.531716621253395
1616,11416,2018,3801,8.132228360957656
1617,11417,2010,258,5.969379844961241
1618,11417,2011,1256,6.934156050955417
1619,11417,2012,1207,7.2254349627174905
1620,11417,2013,1424,7.719382022471902
1621,11417,2014,2193,6.469174646602815
1622,11417,2015,2523,7.976813317479194
1623,11417,2016,3049,8.116267628730741
1624,11417,2017,3863,6.83253947709034
1625,11417,2018,4090,6.75823960880195
1626,11418,2010,411,5.004379562043796
1627,11418,2011,1589,5.272309628697294
1628,11418,2012,1574,5.963913595933923
1629,11418,2013,1826,6.319167579408549
1630,11418,2014,2687,6.1028284331968745
1631,11418,2015,3262,7.975137952176575
1632,11418,2016,4031,8.76819647730091
1633,11418,2017,4890,8.973742331288344
1634,11418,2018,4395,7.663572241183153
1635,11419,2010,552,5.47572463768116
1636,11419,2011,2270,5.7699118942731324
1637,11419,2012,2465,6.6195131845841875
1638,11419,2013,2864,6.752932960893853
1639,11419,2014,4455,6.0428507295173866
1640,11419,2015,5247,7.8395654659805585
1641,11419,2016,5841,8.051155624036978
1642,11419,2017,6731,7.607651166245714
1643,11419,2018,6673,6.893136520305681
1644,11420,2010,388,5.596134020618556
1645,11420,2011,2089,6.753422690282444
1646,11420,2012,2195,7.223006833712978
1647,11420,2013,2404,7.747628951747091
1648,11420,2014,3497,6.487903917643698
1649,11420,2015,4503,7.713924050632913
1650,11420,2016,5309,8.00048973441325
1651,11420,2017,6158,6.668236440402727
1652,11420,2018,5843,6.333698442580868
1653,11421,2010,415,5.600240963855419
1654,11421,2011,1732,5.500923787528876
1655,11421,2012,1829,5.995297977036633
1656,11421,2013,2350,6.104595744680856
1657,11421,2014,3364,6.198156956004749
1658,11421,2015,4353,8.107121525384798
1659,11421,2016,5061,8.681367318711693
1660,11421,2017,6130,8.45522022838501
1661,11421,2018,5889,7.784836135167219
1662,11422,2010,172,9.245930232558136
1663,11422,2011,676,8.351479289940826
1664,11422,2012,740,7.899054054054056
1665,11422,2013,765,7.633594771241823
1666,11422,2014,1187,8.40387531592248
1667,11422,2015,1436,9.25362116991644
1668,11422,2016,1434,9.182217573221752
1669,11422,2017,1565,9.598210862619814
1670,11422,2018,1798,7.972302558398228
1671,11423,2010,253,6.327667984189727
1672,11423,2011,1056,6.658901515151529
1673,11423,2012,1009,7.28711595639247
1674,11423,2013,1060,7.37698113207546
1675,11423,2014,1798,6.498832035595112
1676,11423,2015,1908,6.585587002096438
1677,11423,2016,2067,7.147605224963719
1678,11423,2017,2257,5.889100575985812
1679,11423,2018,2307,5.995882097962713
1680,11426,2010,97,7.288659793814436
1681,11426,2011,461,7.245770065075925
1682,11426,2012,320,8.477500000000001
1683,11426,2013,398,6.800502512562811
1684,11426,2014,498,8.014859437751014
1685,11426,2015,614,9.046905537459292
1686,11426,2016,762,9.916535433070859
1687,11426,2017,1105,8.995294117647063
1688,11426,2018,911,8.156641053787059
1689,11427,2010,115,5.3530434782608705
1690,11427,2011,467,7.0361884368308365
1691,11427,2012,477,7.6188679245282955
1692,11427,2013,519,6.594797687861272
1693,11427,2014,723,7.379253112033196
1694,11427,2015,1033,8.369603097773483
1695,11427,2016,1234,8.941166936790918
1696,11427,2017,1311,7.727917620137307
1697,11427,2018,1009,8.21040634291377
1698,11428,2010,136,8.353676470588239
1699,11428,2011,504,7.531746031746032
1700,11428,2012,523,8.158699808795419
1701,11428,2013,536,6.032649253731343
1702,11428,2014,1033,8.231655372700864
1703,11428,2015,1194,10.029061976549409
1704,11428,2016,1367,9.33284564740308
1705,11428,2017,1345,9.162973977695168
1706,11428,2018,1444,7.941551246537394
1707,11429,2010,127,9.08582677165354
1708,11429,2011,533,7.611819887429635
1709,11429,2012,598,8.149665551839457
1710,11429,2013,638,6.759404388714735
1711,11429,2014,1046,7.538910133843222
1712,11429,2015,1261,9.826566217287853
1713,11429,2016,1307,10.150497322111708
1714,11429,2017,1508,9.06359416445622
1715,11429,2018,1485,8.545858585858593
1716,11430,2010,1,8.4
1717,11430,2011,8,6.2250000000000005
1718,11430,2012,14,8.550000000000002
1719,11430,2013,21,5.109523809523809
1720,11430,2014,29,5.162068965517241
1721,11430,2015,30,4.870000000000001
1722,11430,2016,31,6.503225806451613
1723,11430,2017,66,5.8181818181818175
1724,11430,2018,73,4.29041095890411
1725,11432,2010,495,6.1682828282828295
1726,11432,2011,1586,7.033795712484219
1727,11432,2012,1813,7.701709873138439
1728,11432,2013,1903,7.85496584340515
1729,11432,2014,2259,6.0990703851261605
1730,11432,2015,3187,6.853592720426738
1731,11432,2016,3361,7.933799464445087
1732,11432,2017,3602,6.709938922820662
1733,11432,2018,5155,5.21806013579051
1734,11433,2010,304,6.376315789473684
1735,11433,2011,1118,7.344543828264751
1736,11433,2012,1263,7.612509897070467
1737,11433,2013,1280,7.110156250000005
1738,11433,2014,2022,6.581404549950539
1739,11433,2015,2443,7.220794105607845
1740,11433,2016,2921,7.692502567613819
1741,11433,2017,3497,6.605690591935959
1742,11433,2018,3549,6.131839954916882
1743,11434,2010,324,7.544135802469132
1744,11434,2011,1475,8.106033898305075
1745,11434,2012,1644,8.297323600973254
1746,11434,2013,1684,7.351603325415668
1747,11434,2014,2422,6.300289017341046
1748,11434,2015,2841,8.245828933474147
1749,11434,2016,3621,8.018696492681578
1750,11434,2017,3972,7.581696878147035
1751,11434,2018,4198,6.752477370176258
1752,11435,2010,481,5.66403326403326
1753,11435,2011,1941,7.127717671303441
1754,11435,2012,1815,7.511460055096435
1755,11435,2013,2157,7.166156699119139
1756,11435,2014,2799,6.476277241872089
1757,11435,2015,3601,7.675090252707572
1758,11435,2016,4125,7.89219393939392
1759,11435,2017,4642,6.859586385178796
1760,11435,2018,4614,6.666471608149121
1761,11436,2010,162,8.310493827160489
1762,11436,2011,782,7.622378516624043
1763,11436,2012,721,9.143134535367546
1764,11436,2013,839,7.350178784266983
1765,11436,2014,1162,6.29388984509466
1766,11436,2015,1629,7.589686924493561
1767,11436,2016,1854,7.9087378640776675
1768,11436,2017,1956,7.548824130879352
1769,11436,2018,2074,7.2049662487945945
1770,11451,2015,1,8.6
1771,11691,2010,269,5.106691449814128
1772,11691,2011,1153,5.339982653946221
1773,11691,2012,997,5.725175526579743
1774,11691,2013,1170,5.041965811965803
1775,11691,2014,1962,5.305861365953097
1776,11691,2015,2197,5.72330450614474
1777,11691,2016,2832,5.322210451977403
1778,11691,2017,3376,5.250740521327013
1779,11691,2018,3349,4.710540459838756
1780,11692,2010,74,4.368918918918916
1781,11692,2011,322,4.245031055900624
1782,11692,2012,353,4.397167138810199
1783,11692,2013,307,4.2263843648208494
1784,11692,2014,563,4.771758436944935
1785,11692,2015,544,4.85367647058824
1786,11692,2016,997,5.00220661985958
1787,11692,2017,945,4.81809523809524
1788,11692,2018,790,4.775189873417726
1789,11693,2010,46,3.739130434782608
1790,11693,2011,284,4.2838028169014075
1791,11693,2012,325,4.437846153846154
1792,11693,2013,521,4.530518234165066
1793,11693,2014,641,3.8207488299531924
1794,11693,2015,703,4.39587482219061
1795,11693,2016,917,4.793784078516907
1796,11693,2017,1184,4.021114864864858
1797,11693,2018,1011,4.919683481701285
1798,11694,2010,76,3.960526315789474
1799,11694,2011,387,4.333333333333333
1800,11694,2012,408,4.804166666666666
1801,11694,2013,553,4.278119349005432
1802,11694,2014,832,3.638100961538462
1803,11694,2015,1266,4.145023696682463
1804,11694,2016,1394,4.332639885222389
1805,11694,2017,1561,3.60134529147982
1806,11694,2018,1354,4.485155096011819
1807,11695,2015,3,1.8666666666666665
1808,11695,2016,3,1.9333333333333333
1809,11695,2017,2,1.5
1810,11695,2018,1,13.0
1811,11697,2011,12,2.858333333333333
1812,11697,2012,18,4.977777777777778
1813,11697,2013,2,1.3499999999999999
1814,11697,2014,16,6.1375
1815,11697,2015,35,6.319999999999999
1816,11697,2016,19,3.5157894736842104
1817,11697,2017,43,3.669767441860465
1818,11697,2018,69,2.2246376811594204
