zip,hour,value
10000,8,1
10000,9,1
10000,10,3
10000,11,2
10000,12,5
10000,13,5
10000,14,4
10000,15,6
10000,16,8
10000,17,16
10000,18,19
10000,19,18
10000,20,11
10000,21,2
10000,22,1
10000,23,1
10001,0,117
10001,1,54
10001,2,34
10001,3,26
10001,4,18
10001,5,15
10001,6,22
10001,7,43
10001,8,45
10001,9,49
10001,10,44
10001,11,45
10001,12,56
10001,13,41
10001,14,51
10001,15,48
10001,16,52
10001,17,49
10001,18,69
10001,19,55
10001,20,65
10001,21,103
10001,22,96
10001,23,124
10002,0,432
10002,1,288
10002,2,171
10002,3,91
10002,4,63
10002,5,37
10002,6,41
10002,7,71
10002,8,81
10002,9,124
10002,10,96
10002,11,99
10002,12,72
10002,13,98
10002,14,87
10002,15,104
10002,16,107
10002,17,107
10002,18,163
10002,19,129
10002,20,160
10002,21,271
10002,22,380
10002,23,473
10003,0,192
10003,1,110
10003,2,60
10003,3,38
10003,4,33
10003,5,18
10003,6,22
10003,7,34
10003,8,54
10003,9,44
10003,10,54
10003,11,49
10003,12,62
10003,13,72
10003,14,105
10003,15,79
10003,16,85
10003,17,64
10003,18,98
10003,19,76
10003,20,111
10003,21,121
10003,22,201
10003,23,201
10004,0,4
10004,1,5
10004,2,1
10004,3,1
10004,4,2
10004,5,4
10004,6,5
10004,7,15
10004,8,18
10004,9,20
10004,10,30
10004,11,27
10004,12,38
10004,13,45
10004,14,61
10004,15,29
10004,16,38
10004,17,28
10004,18,17
10004,19,5
10004,20,4
10004,21,2
10004,22,14
10004,23,8
10005,0,20
10005,1,7
10005,2,8
10005,3,4
10005,4,1
10005,5,3
10005,6,6
10005,7,17
10005,8,16
10005,9,17
10005,10,11
10005,11,16
10005,12,24
10005,13,67
10005,14,59
10005,15,34
10005,16,38
10005,17,13
10005,18,22
10005,19,9
10005,20,16
10005,21,14
10005,22,13
10005,23,14
10006,0,9
10006,1,4
10006,2,5
10006,3,2
10006,4,3
10006,5,6
10006,6,1
10006,7,5
10006,8,9
10006,9,10
10006,10,20
10006,11,12
10006,12,20
10006,13,27
10006,14,24
10006,15,15
10006,16,15
10006,17,7
10006,18,6
10006,19,2
10006,20,8
10006,21,6
10006,22,10
10006,23,6
10007,0,11
10007,1,5
10007,2,2
10007,3,1
10007,4,4
10007,6,3
10007,7,15
10007,8,19
10007,9,23
10007,10,46
10007,11,36
10007,12,63
10007,13,68
10007,14,47
10007,15,56
10007,16,49
10007,17,46
10007,18,30
10007,19,12
10007,20,20
10007,21,32
10007,22,30
10007,23,26
10009,0,345
10009,1,201
10009,2,125
10009,3,98
10009,4,40
10009,5,37
10009,6,32
10009,7,42
10009,8,64
10009,9,54
10009,10,54
10009,11,83
10009,12,89
10009,13,104
10009,14,101
10009,15,95
10009,16,99
10009,17,90
10009,18,98
10009,19,124
10009,20,156
10009,21,210
10009,22,334
10009,23,418
10010,0,70
10010,1,54
10010,2,43
10010,3,21
10010,4,17
10010,5,4
10010,6,10
10010,7,17
10010,8,18
10010,9,34
10010,10,18
10010,11,22
10010,12,26
10010,13,26
10010,14,28
10010,15,28
10010,16,34
10010,17,33
10010,18,39
10010,19,40
10010,20,48
10010,21,66
10010,22,63
10010,23,108
10011,0,129
10011,1,96
10011,2,62
10011,3,32
10011,4,24
10011,5,15
10011,6,24
10011,7,44
10011,8,45
10011,9,81
10011,10,55
10011,11,61
10011,12,55
10011,13,61
10011,14,65
10011,15,45
10011,16,50
10011,17,71
10011,18,72
10011,19,75
10011,20,79
10011,21,100
10011,22,138
10011,23,163
10012,0,174
10012,1,149
10012,2,57
10012,3,52
10012,4,45
10012,5,10
10012,6,12
10012,7,22
10012,8,20
10012,9,31
10012,10,49
10012,11,45
10012,12,29
10012,13,49
10012,14,40
10012,15,30
10012,16,53
10012,17,43
10012,18,56
10012,19,68
10012,20,87
10012,21,138
10012,22,135
10012,23,156
10013,0,86
10013,1,93
10013,2,58
10013,3,20
10013,4,9
10013,5,20
10013,6,15
10013,7,26
10013,8,62
10013,9,69
10013,10,55
10013,11,53
10013,12,69
10013,13,65
10013,14,71
10013,15,91
10013,16,108
10013,17,89
10013,18,83
10013,19,79
10013,20,94
10013,21,92
10013,22,116
10013,23,97
10014,0,96
10014,1,36
10014,2,46
10014,3,25
10014,4,14
10014,5,5
10014,6,10
10014,7,24
10014,8,31
10014,9,46
10014,10,53
10014,11,47
10014,12,39
10014,13,26
10014,14,35
10014,15,47
10014,16,52
10014,17,37
10014,18,42
10014,19,40
10014,20,52
10014,21,102
10014,22,161
10014,23,151
10016,0,119
10016,1,65
10016,2,34
10016,3,23
10016,4,31
10016,5,22
10016,6,17
10016,7,42
10016,8,45
10016,9,52
10016,10,58
10016,11,35
10016,12,54
10016,13,49
10016,14,34
10016,15,42
10016,16,48
10016,17,37
10016,18,40
10016,19,42
10016,20,67
10016,21,90
10016,22,144
10016,23,169
10017,0,10
10017,1,13
10017,2,4
10017,3,3
10017,4,8
10017,5,4
10017,6,5
10017,7,12
10017,8,13
10017,9,20
10017,10,25
10017,11,31
10017,12,26
10017,13,27
10017,14,26
10017,15,23
10017,16,21
10017,17,31
10017,18,25
10017,19,14
10017,20,17
10017,21,14
10017,22,13
10017,23,15
10018,0,29
10018,1,23
10018,2,8
10018,3,9
10018,4,4
10018,5,6
10018,6,3
10018,7,15
10018,8,16
10018,9,12
10018,10,15
10018,11,34
10018,12,25
10018,13,45
10018,14,34
10018,15,31
10018,16,37
10018,17,21
10018,18,29
10018,19,34
10018,20,43
10018,21,41
10018,22,29
10018,23,27
10019,0,131
10019,1,65
10019,2,33
10019,3,25
10019,4,32
10019,5,28
10019,6,55
10019,7,53
10019,8,62
10019,9,82
10019,10,72
10019,11,76
10019,12,89
10019,13,78
10019,14,94
10019,15,96
10019,16,115
10019,17,97
10019,18,123
10019,19,101
10019,20,75
10019,21,110
10019,22,144
10019,23,160
10020,5,1
10020,7,1
10020,8,1
10020,10,1
10020,11,1
10020,12,1
10020,13,8
10020,15,3
10020,16,4
10020,18,3
10020,19,1
10020,20,4
10020,21,1
10020,22,3
10020,23,1
10021,0,24
10021,1,11
10021,2,10
10021,3,4
10021,4,6
10021,5,3
10021,6,14
10021,7,18
10021,8,15
10021,9,31
10021,10,24
10021,11,41
10021,12,31
10021,13,21
10021,14,21
10021,15,39
10021,16,18
10021,17,12
10021,18,16
10021,19,25
10021,20,21
10021,21,39
10021,22,48
10021,23,43
10022,0,52
10022,1,13
10022,2,12
10022,3,15
10022,4,5
10022,5,3
10022,6,7
10022,7,23
10022,8,26
10022,9,26
10022,10,26
10022,11,38
10022,12,35
10022,13,47
10022,14,28
10022,15,28
10022,16,28
10022,17,15
10022,18,32
10022,19,24
10022,20,30
10022,21,55
10022,22,60
10022,23,54
10023,0,75
10023,1,40
10023,2,21
10023,3,11
10023,4,7
10023,5,4
10023,6,11
10023,7,60
10023,8,51
10023,9,75
10023,10,58
10023,11,76
10023,12,69
10023,13,78
10023,14,90
10023,15,84
10023,16,70
10023,17,70
10023,18,81
10023,19,61
10023,20,84
10023,21,80
10023,22,114
10023,23,108
10024,0,94
10024,1,61
10024,2,45
10024,3,30
10024,4,23
10024,5,11
10024,6,26
10024,7,49
10024,8,41
10024,9,63
10024,10,54
10024,11,61
10024,12,55
10024,13,37
10024,14,50
10024,15,45
10024,16,55
10024,17,40
10024,18,48
10024,19,60
10024,20,53
10024,21,93
10024,22,88
10024,23,100
10025,0,253
10025,1,127
10025,2,70
10025,3,45
10025,4,28
10025,5,27
10025,6,37
10025,7,64
10025,8,75
10025,9,68
10025,10,75
10025,11,82
10025,12,104
10025,13,80
10025,14,67
10025,15,60
10025,16,65
10025,17,71
10025,18,82
10025,19,110
10025,20,148
10025,21,223
10025,22,279
10025,23,289
10026,0,402
10026,1,277
10026,2,139
10026,3,78
10026,4,51
10026,5,28
10026,6,35
10026,7,59
10026,8,105
10026,9,62
10026,10,55
10026,11,45
10026,12,52
10026,13,70
10026,14,54
10026,15,52
10026,16,71
10026,17,82
10026,18,117
10026,19,156
10026,20,230
10026,21,324
10026,22,503
10026,23,457
10027,0,320
10027,1,158
10027,2,109
10027,3,67
10027,4,42
10027,5,23
10027,6,42
10027,7,75
10027,8,76
10027,9,66
10027,10,66
10027,11,65
10027,12,47
10027,13,65
10027,14,75
10027,15,66
10027,16,64
10027,17,80
10027,18,89
10027,19,125
10027,20,177
10027,21,262
10027,22,377
10027,23,392
10028,0,55
10028,1,21
10028,2,14
10028,3,5
10028,4,4
10028,5,13
10028,6,12
10028,7,23
10028,8,24
10028,9,30
10028,10,36
10028,11,29
10028,12,32
10028,13,24
10028,14,22
10028,15,34
10028,16,39
10028,17,49
10028,18,42
10028,19,28
10028,20,51
10028,21,44
10028,22,99
10028,23,90
10029,0,323
10029,1,177
10029,2,125
10029,3,97
10029,4,38
10029,5,27
10029,6,45
10029,7,68
10029,8,75
10029,9,84
10029,10,86
10029,11,87
10029,12,91
10029,13,142
10029,14,112
10029,15,125
10029,16,122
10029,17,114
10029,18,161
10029,19,185
10029,20,235
10029,21,261
10029,22,321
10029,23,389
10030,0,221
10030,1,149
10030,2,80
10030,3,62
10030,4,22
10030,5,29
10030,6,27
10030,7,39
10030,8,41
10030,9,44
10030,10,44
10030,11,46
10030,12,39
10030,13,35
10030,14,44
10030,15,39
10030,16,62
10030,17,58
10030,18,65
10030,19,77
10030,20,93
10030,21,172
10030,22,216
10030,23,218
10031,0,601
10031,1,391
10031,2,207
10031,3,138
10031,4,93
10031,5,42
10031,6,44
10031,7,53
10031,8,75
10031,9,88
10031,10,76
10031,11,71
10031,12,70
10031,13,88
10031,14,106
10031,15,140
10031,16,135
10031,17,186
10031,18,235
10031,19,278
10031,20,417
10031,21,568
10031,22,732
10031,23,671
10032,0,433
10032,1,296
10032,2,167
10032,3,78
10032,4,70
10032,5,42
10032,6,32
10032,7,57
10032,8,69
10032,9,48
10032,10,58
10032,11,42
10032,12,85
10032,13,65
10032,14,56
10032,15,59
10032,16,80
10032,17,108
10032,18,122
10032,19,191
10032,20,277
10032,21,349
10032,22,450
10032,23,561
10033,0,408
10033,1,279
10033,2,175
10033,3,93
10033,4,53
10033,5,33
10033,6,45
10033,7,49
10033,8,55
10033,9,63
10033,10,70
10033,11,82
10033,12,87
10033,13,83
10033,14,82
10033,15,193
10033,16,102
10033,17,155
10033,18,175
10033,19,260
10033,20,315
10033,21,477
10033,22,585
10033,23,584
10034,0,538
10034,1,352
10034,2,196
10034,3,124
10034,4,115
10034,5,44
10034,6,56
10034,7,36
10034,8,34
10034,9,38
10034,10,43
10034,11,74
10034,12,68
10034,13,81
10034,14,85
10034,15,102
10034,16,147
10034,17,149
10034,18,200
10034,19,253
10034,20,380
10034,21,441
10034,22,569
10034,23,649
10035,0,180
10035,1,142
10035,2,69
10035,3,47
10035,4,35
10035,5,19
10035,6,30
10035,7,69
10035,8,59
10035,9,43
10035,10,40
10035,11,58
10035,12,60
10035,13,54
10035,14,45
10035,15,51
10035,16,58
10035,17,73
10035,18,77
10035,19,94
10035,20,125
10035,21,166
10035,22,189
10035,23,203
10036,0,88
10036,1,58
10036,2,33
10036,3,27
10036,4,18
10036,5,13
10036,6,27
10036,7,26
10036,8,35
10036,9,44
10036,10,45
10036,11,37
10036,12,59
10036,13,49
10036,14,35
10036,15,62
10036,16,68
10036,17,75
10036,18,84
10036,19,68
10036,20,81
10036,21,95
10036,22,89
10036,23,91
10037,0,85
10037,1,43
10037,2,33
10037,3,9
10037,4,11
10037,5,6
10037,6,6
10037,7,18
10037,8,9
10037,9,22
10037,10,24
10037,11,26
10037,12,16
10037,13,15
10037,14,25
10037,15,13
10037,16,27
10037,17,32
10037,18,42
10037,19,58
10037,20,60
10037,21,62
10037,22,88
10037,23,107
10038,0,35
10038,1,36
10038,2,17
10038,3,8
10038,4,7
10038,5,4
10038,6,9
10038,7,29
10038,8,18
10038,9,29
10038,10,31
10038,11,33
10038,12,18
10038,13,26
10038,14,28
10038,15,16
10038,16,13
10038,17,16
10038,18,26
10038,19,44
10038,20,80
10038,21,76
10038,22,47
10038,23,51
10039,0,158
10039,1,100
10039,2,64
10039,3,19
10039,4,21
10039,5,16
10039,6,13
10039,7,29
10039,8,27
10039,9,36
10039,10,37
10039,11,34
10039,12,19
10039,13,40
10039,14,36
10039,15,51
10039,16,43
10039,17,57
10039,18,63
10039,19,77
10039,20,137
10039,21,174
10039,22,227
10039,23,269
10040,0,558
10040,1,435
10040,2,278
10040,3,118
10040,4,161
10040,5,48
10040,6,29
10040,7,62
10040,8,58
10040,9,71
10040,10,60
10040,11,93
10040,12,140
10040,13,129
10040,14,191
10040,15,157
10040,16,170
10040,17,226
10040,18,276
10040,19,351
10040,20,424
10040,21,466
10040,22,660
10040,23,822
10041,5,1
10041,15,2
10041,21,1
10044,0,5
10044,3,1
10044,7,1
10044,9,2
10044,11,2
10044,14,2
10044,16,1
10044,18,1
10044,20,1
10044,21,2
10044,22,7
10044,23,5
10045,18,1
10065,0,24
10065,1,20
10065,2,5
10065,3,2
10065,4,5
10065,5,2
10065,6,7
10065,7,16
10065,8,26
10065,9,36
10065,10,14
10065,11,21
10065,12,20
10065,13,18
10065,14,22
10065,15,22
10065,16,16
10065,17,20
10065,18,12
10065,19,13
10065,20,19
10065,21,24
10065,22,60
10065,23,60
10069,0,1
10069,7,1
10069,8,2
10069,9,2
10069,10,3
10069,11,3
10069,12,2
10069,13,4
10069,14,4
10069,15,1
10069,16,1
10069,17,4
10069,18,2
10069,19,4
10069,20,4
10069,21,6
10075,0,33
10075,1,15
10075,2,6
10075,3,6
10075,4,3
10075,5,1
10075,6,3
10075,7,17
10075,8,12
10075,9,21
10075,10,24
10075,11,29
10075,12,23
10075,13,24
10075,14,28
10075,15,87
10075,16,59
10075,17,37
10075,18,22
10075,19,11
10075,20,14
10075,21,29
10075,22,28
10075,23,25
10103,4,1
10103,8,1
10103,13,1
10103,16,2
10103,17,1
10103,18,1
10103,21,1
10105,0,1
10106,20,1
10110,15,1
10110,19,1
10118,0,1
10118,5,1
10119,11,1
10119,17,1
10119,20,2
10120,10,1
10120,14,1
10120,15,8
10120,16,14
10120,17,18
10120,18,22
10120,19,2
10121,10,1
10121,13,1
10121,16,1
10123,9,1
10123,15,1
10123,20,1
10128,0,72
10128,1,46
10128,2,12
10128,3,7
10128,4,14
10128,5,9
10128,6,12
10128,7,42
10128,8,34
10128,9,42
10128,10,31
10128,11,31
10128,12,34
10128,13,36
10128,14,31
10128,15,26
10128,16,29
10128,17,33
10128,18,36
10128,19,39
10128,20,38
10128,21,83
10128,22,79
10128,23,92
10151,14,2
10151,15,1
10153,9,1
10153,19,1
10154,0,1
10155,10,1
10158,0,5
10158,3,1
10158,4,1
10158,9,1
10158,14,1
10158,22,2
10158,23,1
10162,15,1
10162,17,1
10162,23,1
10165,12,1
10168,14,1
10168,15,1
10168,21,4
10170,9,1
10170,23,1
10172,10,1
10172,13,1
10172,18,1
10172,22,1
10177,21,1
10178,15,1
10271,13,3
10271,14,1
10278,12,1
10278,14,1
10278,16,1
10278,18,1
10278,19,1
10278,20,1
10278,21,1
10278,22,1
10279,17,2
10280,0,14
10280,1,4
10280,2,1
10280,6,3
10280,7,4
10280,8,5
10280,9,3
10280,10,6
10280,11,5
10280,12,8
10280,13,3
10280,14,2
10280,15,4
10280,16,6
10280,18,4
10280,19,11
10280,20,6
10280,21,19
10280,22,9
10280,23,10
10281,9,1
10281,11,5
10281,12,1
10281,13,1
10281,14,3
10281,15,3
10281,16,1
10281,17,1
10281,18,2
10281,20,1
10281,22,1
10282,0,4
10282,1,5
10282,2,1
10282,6,17
10282,7,72
10282,8,62
10282,9,27
10282,10,17
10282,11,14
10282,12,41
10282,13,21
10282,14,29
10282,15,16
10282,16,19
10282,17,31
10282,18,70
10282,19,34
10282,20,38
10282,21,4
10282,22,17
10282,23,9
10301,0,104
10301,1,54
10301,2,36
10301,3,20
10301,4,16
10301,5,27
10301,6,48
10301,7,99
10301,8,80
10301,9,82
10301,10,77
10301,11,81
10301,12,69
10301,13,79
10301,14,77
10301,15,77
10301,16,89
10301,17,95
10301,18,92
10301,19,112
10301,20,103
10301,21,129
10301,22,128
10301,23,155
10302,0,62
10302,1,27
10302,2,19
10302,3,11
10302,4,10
10302,5,2
10302,6,13
10302,7,25
10302,8,52
10302,9,49
10302,10,25
10302,11,37
10302,12,33
10302,13,46
10302,14,32
10302,15,48
10302,16,40
10302,17,39
10302,18,21
10302,19,41
10302,20,61
10302,21,74
10302,22,68
10302,23,59
10303,0,77
10303,1,42
10303,2,21
10303,3,17
10303,4,11
10303,5,9
10303,6,20
10303,7,44
10303,8,70
10303,9,52
10303,10,47
10303,11,64
10303,12,44
10303,13,57
10303,14,50
10303,15,32
10303,16,38
10303,17,54
10303,18,66
10303,19,66
10303,20,69
10303,21,100
10303,22,111
10303,23,117
10304,0,163
10304,1,98
10304,2,50
10304,3,39
10304,4,16
10304,5,20
10304,6,38
10304,7,37
10304,8,49
10304,9,64
10304,10,56
10304,11,70
10304,12,58
10304,13,65
10304,14,65
10304,15,93
10304,16,118
10304,17,103
10304,18,125
10304,19,127
10304,20,133
10304,21,154
10304,22,220
10304,23,177
10305,0,69
10305,1,20
10305,2,14
10305,3,13
10305,4,9
10305,5,12
10305,6,22
10305,7,34
10305,8,41
10305,9,70
10305,10,72
10305,11,63
10305,12,49
10305,13,54
10305,14,50
10305,15,37
10305,16,52
10305,17,41
10305,18,59
10305,19,52
10305,20,60
10305,21,93
10305,22,103
10305,23,100
10306,0,77
10306,1,27
10306,2,17
10306,3,19
10306,4,14
10306,5,14
10306,6,13
10306,7,44
10306,8,54
10306,9,69
10306,10,67
10306,11,65
10306,12,61
10306,13,60
10306,14,70
10306,15,50
10306,16,66
10306,17,64
10306,18,71
10306,19,70
10306,20,70
10306,21,101
10306,22,90
10306,23,87
10307,0,6
10307,1,3
10307,2,2
10307,3,1
10307,4,2
10307,5,1
10307,6,4
10307,7,12
10307,8,11
10307,9,17
10307,10,20
10307,11,12
10307,12,12
10307,13,13
10307,14,17
10307,15,18
10307,16,22
10307,17,17
10307,18,20
10307,19,22
10307,20,15
10307,21,27
10307,22,17
10307,23,22
10308,0,24
10308,1,9
10308,2,11
10308,3,5
10308,4,4
10308,5,5
10308,6,7
10308,7,32
10308,8,28
10308,9,36
10308,10,31
10308,11,30
10308,12,31
10308,13,23
10308,14,26
10308,15,24
10308,16,29
10308,17,49
10308,18,46
10308,19,42
10308,20,54
10308,21,62
10308,22,62
10308,23,40
10309,0,41
10309,1,17
10309,2,5
10309,3,2
10309,4,4
10309,5,10
10309,6,13
10309,7,14
10309,8,33
10309,9,25
10309,10,28
10309,11,28
10309,12,35
10309,13,20
10309,14,30
10309,15,35
10309,16,31
10309,17,26
10309,18,46
10309,19,28
10309,20,38
10309,21,70
10309,22,62
10309,23,49
10310,0,77
10310,1,45
10310,2,23
10310,3,13
10310,4,3
10310,5,6
10310,6,24
10310,7,29
10310,8,23
10310,9,36
10310,10,43
10310,11,37
10310,12,57
10310,13,55
10310,14,41
10310,15,53
10310,16,55
10310,17,63
10310,18,49
10310,19,52
10310,20,86
10310,21,76
10310,22,97
10310,23,96
10312,0,59
10312,1,49
10312,2,29
10312,3,6
10312,4,5
10312,5,13
10312,6,21
10312,7,29
10312,8,48
10312,9,48
10312,10,37
10312,11,38
10312,12,49
10312,13,55
10312,14,71
10312,15,72
10312,16,80
10312,17,61
10312,18,91
10312,19,56
10312,20,81
10312,21,167
10312,22,119
10312,23,107
10314,0,107
10314,1,71
10314,2,33
10314,3,20
10314,4,32
10314,5,43
10314,6,70
10314,7,130
10314,8,123
10314,9,159
10314,10,115
10314,11,125
10314,12,101
10314,13,95
10314,14,116
10314,15,105
10314,16,93
10314,17,115
10314,18,133
10314,19,117
10314,20,160
10314,21,193
10314,22,252
10314,23,207
10451,0,183
10451,1,128
10451,2,75
10451,3,36
10451,4,34
10451,5,30
10451,6,29
10451,7,61
10451,8,63
10451,9,77
10451,10,65
10451,11,64
10451,12,68
10451,13,68
10451,14,49
10451,15,79
10451,16,55
10451,17,70
10451,18,101
10451,19,123
10451,20,167
10451,21,225
10451,22,242
10451,23,277
10452,0,463
10452,1,332
10452,2,188
10452,3,108
10452,4,84
10452,5,58
10452,6,47
10452,7,65
10452,8,71
10452,9,96
10452,10,89
10452,11,98
10452,12,121
10452,13,113
10452,14,114
10452,15,144
10452,16,164
10452,17,196
10452,18,289
10452,19,377
10452,20,432
10452,21,550
10452,22,666
10452,23,674
10453,0,459
10453,1,319
10453,2,215
10453,3,118
10453,4,82
10453,5,79
10453,6,77
10453,7,90
10453,8,78
10453,9,82
10453,10,65
10453,11,74
10453,12,85
10453,13,74
10453,14,65
10453,15,80
10453,16,105
10453,17,110
10453,18,190
10453,19,228
10453,20,319
10453,21,433
10453,22,505
10453,23,540
10454,0,148
10454,1,108
10454,2,67
10454,3,32
10454,4,37
10454,5,20
10454,6,36
10454,7,45
10454,8,50
10454,9,52
10454,10,41
10454,11,69
10454,12,53
10454,13,52
10454,14,41
10454,15,62
10454,16,49
10454,17,42
10454,18,59
10454,19,66
10454,20,102
10454,21,176
10454,22,237
10454,23,217
10455,0,191
10455,1,105
10455,2,76
10455,3,56
10455,4,31
10455,5,24
10455,6,19
10455,7,56
10455,8,44
10455,9,53
10455,10,55
10455,11,80
10455,12,57
10455,13,58
10455,14,56
10455,15,54
10455,16,60
10455,17,74
10455,18,80
10455,19,95
10455,20,135
10455,21,193
10455,22,233
10455,23,228
10456,0,392
10456,1,293
10456,2,168
10456,3,104
10456,4,88
10456,5,49
10456,6,59
10456,7,111
10456,8,107
10456,9,101
10456,10,94
10456,11,94
10456,12,86
10456,13,92
10456,14,96
10456,15,113
10456,16,131
10456,17,142
10456,18,168
10456,19,207
10456,20,285
10456,21,363
10456,22,526
10456,23,498
10457,0,429
10457,1,313
10457,2,184
10457,3,113
10457,4,80
10457,5,72
10457,6,65
10457,7,110
10457,8,100
10457,9,105
10457,10,92
10457,11,91
10457,12,103
10457,13,96
10457,14,82
10457,15,126
10457,16,153
10457,17,177
10457,18,178
10457,19,199
10457,20,299
10457,21,397
10457,22,498
10457,23,544
10458,0,408
10458,1,261
10458,2,131
10458,3,116
10458,4,88
10458,5,52
10458,6,65
10458,7,71
10458,8,57
10458,9,79
10458,10,85
10458,11,90
10458,12,79
10458,13,98
10458,14,88
10458,15,100
10458,16,103
10458,17,155
10458,18,166
10458,19,218
10458,20,305
10458,21,351
10458,22,418
10458,23,448
10459,0,169
10459,1,144
10459,2,90
10459,3,71
10459,4,61
10459,5,51
10459,6,56
10459,7,55
10459,8,70
10459,9,63
10459,10,74
10459,11,51
10459,12,62
10459,13,62
10459,14,118
10459,15,89
10459,16,95
10459,17,64
10459,18,100
10459,19,98
10459,20,121
10459,21,149
10459,22,196
10459,23,211
10460,0,250
10460,1,193
10460,2,115
10460,3,82
10460,4,57
10460,5,45
10460,6,60
10460,7,84
10460,8,84
10460,9,91
10460,10,76
10460,11,59
10460,12,76
10460,13,65
10460,14,76
10460,15,66
10460,16,93
10460,17,106
10460,18,116
10460,19,171
10460,20,215
10460,21,279
10460,22,290
10460,23,294
10461,0,178
10461,1,106
10461,2,62
10461,3,38
10461,4,38
10461,5,44
10461,6,47
10461,7,92
10461,8,138
10461,9,152
10461,10,144
10461,11,147
10461,12,161
10461,13,125
10461,14,151
10461,15,141
10461,16,142
10461,17,138
10461,18,174
10461,19,194
10461,20,160
10461,21,205
10461,22,258
10461,23,262
10462,0,223
10462,1,138
10462,2,74
10462,3,41
10462,4,39
10462,5,49
10462,6,73
10462,7,104
10462,8,114
10462,9,122
10462,10,89
10462,11,102
10462,12,69
10462,13,87
10462,14,96
10462,15,104
10462,16,125
10462,17,119
10462,18,152
10462,19,186
10462,20,221
10462,21,265
10462,22,312
10462,23,325
10463,0,358
10463,1,187
10463,2,114
10463,3,62
10463,4,48
10463,5,40
10463,6,67
10463,7,129
10463,8,90
10463,9,101
10463,10,91
10463,11,77
10463,12,111
10463,13,112
10463,14,100
10463,15,107
10463,16,132
10463,17,124
10463,18,178
10463,19,180
10463,20,300
10463,21,375
10463,22,408
10463,23,404
10464,0,19
10464,1,14
10464,2,12
10464,3,3
10464,4,7
10464,5,7
10464,6,5
10464,7,7
10464,8,4
10464,9,4
10464,10,14
10464,11,10
10464,12,7
10464,13,16
10464,14,25
10464,15,18
10464,16,15
10464,17,21
10464,18,34
10464,19,36
10464,20,24
10464,21,23
10464,22,20
10464,23,42
10465,0,164
10465,1,100
10465,2,38
10465,3,28
10465,4,19
10465,5,26
10465,6,48
10465,7,58
10465,8,69
10465,9,75
10465,10,81
10465,11,88
10465,12,76
10465,13,63
10465,14,59
10465,15,101
10465,16,110
10465,17,113
10465,18,125
10465,19,131
10465,20,172
10465,21,267
10465,22,221
10465,23,224
10466,0,270
10466,1,240
10466,2,152
10466,3,76
10466,4,86
10466,5,52
10466,6,83
10466,7,165
10466,8,143
10466,9,168
10466,10,131
10466,11,134
10466,12,122
10466,13,91
10466,14,115
10466,15,131
10466,16,137
10466,17,134
10466,18,176
10466,19,181
10466,20,234
10466,21,267
10466,22,361
10466,23,311
10467,0,484
10467,1,298
10467,2,181
10467,3,106
10467,4,89
10467,5,75
10467,6,89
10467,7,159
10467,8,151
10467,9,157
10467,10,133
10467,11,126
10467,12,154
10467,13,135
10467,14,126
10467,15,181
10467,16,173
10467,17,209
10467,18,242
10467,19,292
10467,20,415
10467,21,527
10467,22,597
10467,23,561
10468,0,516
10468,1,305
10468,2,188
10468,3,122
10468,4,103
10468,5,80
10468,6,57
10468,7,90
10468,8,82
10468,9,105
10468,10,74
10468,11,65
10468,12,103
10468,13,78
10468,14,106
10468,15,109
10468,16,130
10468,17,154
10468,18,235
10468,19,328
10468,20,444
10468,21,616
10468,22,668
10468,23,604
10469,0,180
10469,1,149
10469,2,99
10469,3,69
10469,4,56
10469,5,40
10469,6,72
10469,7,133
10469,8,152
10469,9,159
10469,10,111
10469,11,114
10469,12,93
10469,13,93
10469,14,105
10469,15,94
10469,16,115
10469,17,111
10469,18,120
10469,19,136
10469,20,170
10469,21,206
10469,22,261
10469,23,235
10470,0,74
10470,1,54
10470,2,49
10470,3,23
10470,4,21
10470,5,17
10470,6,28
10470,7,47
10470,8,55
10470,9,67
10470,10,73
10470,11,54
10470,12,62
10470,13,43
10470,14,50
10470,15,46
10470,16,63
10470,17,64
10470,18,66
10470,19,68
10470,20,85
10470,21,102
10470,22,138
10470,23,98
10471,0,57
10471,1,35
10471,2,24
10471,3,15
10471,4,11
10471,5,9
10471,6,24
10471,7,46
10471,8,47
10471,9,57
10471,10,42
10471,11,45
10471,12,44
10471,13,35
10471,14,30
10471,15,33
10471,16,40
10471,17,45
10471,18,53
10471,19,36
10471,20,65
10471,21,58
10471,22,63
10471,23,68
10472,0,271
10472,1,188
10472,2,139
10472,3,80
10472,4,65
10472,5,61
10472,6,64
10472,7,88
10472,8,84
10472,9,90
10472,10,67
10472,11,66
10472,12,109
10472,13,81
10472,14,73
10472,15,81
10472,16,97
10472,17,177
10472,18,206
10472,19,246
10472,20,269
10472,21,369
10472,22,534
10472,23,530
10473,0,167
10473,1,124
10473,2,91
10473,3,47
10473,4,29
10473,5,28
10473,6,42
10473,7,65
10473,8,107
10473,9,108
10473,10,92
10473,11,69
10473,12,77
10473,13,81
10473,14,89
10473,15,92
10473,16,86
10473,17,120
10473,18,148
10473,19,186
10473,20,187
10473,21,230
10473,22,244
10473,23,216
10474,0,88
10474,1,73
10474,2,41
10474,3,38
10474,4,32
10474,5,12
10474,6,15
10474,7,57
10474,8,64
10474,9,31
10474,10,27
10474,11,46
10474,12,36
10474,13,37
10474,14,25
10474,15,21
10474,16,32
10474,17,34
10474,18,44
10474,19,45
10474,20,62
10474,21,121
10474,22,92
10474,23,104
10475,0,16
10475,1,6
10475,2,15
10475,3,10
10475,4,6
10475,5,3
10475,6,9
10475,7,27
10475,8,20
10475,9,23
10475,10,15
10475,11,19
10475,12,16
10475,13,19
10475,14,22
10475,15,15
10475,16,17
10475,17,15
10475,18,23
10475,19,11
10475,20,14
10475,21,30
10475,22,16
10475,23,22
11001,0,11
11001,1,11
11001,2,4
11001,6,2
11001,7,2
11001,8,6
11001,9,11
11001,10,4
11001,11,8
11001,12,13
11001,13,8
11001,14,4
11001,15,6
11001,16,10
11001,17,8
11001,18,8
11001,19,6
11001,20,5
11001,21,16
11001,22,15
11001,23,4
11004,0,13
11004,1,13
11004,2,6
11004,3,10
11004,4,3
11004,5,1
11004,6,1
11004,7,11
11004,8,5
11004,9,5
11004,10,5
11004,11,8
11004,12,9
11004,13,5
11004,14,10
11004,15,11
11004,16,8
11004,17,10
11004,18,20
11004,19,11
11004,20,13
11004,21,15
11004,22,13
11004,23,8
11005,12,1
11005,14,1
11040,0,4
11040,1,7
11040,3,1
11040,7,2
11040,8,7
11040,9,6
11040,10,9
11040,11,11
11040,12,5
11040,13,3
11040,14,7
11040,15,5
11040,16,3
11040,17,4
11040,18,1
11040,19,4
11040,20,4
11040,21,3
11040,22,5
11040,23,5
11101,0,121
11101,1,77
11101,2,56
11101,3,29
11101,4,42
11101,5,46
11101,6,86
11101,7,188
11101,8,278
11101,9,324
11101,10,326
11101,11,294
11101,12,244
11101,13,195
11101,14,190
11101,15,162
11101,16,137
11101,17,124
11101,18,129
11101,19,126
11101,20,114
11101,21,132
11101,22,211
11101,23,197
11102,0,186
11102,1,114
11102,2,59
11102,3,15
11102,4,11
11102,5,14
11102,6,44
11102,7,54
11102,8,68
11102,9,89
11102,10,66
11102,11,68
11102,12,61
11102,13,71
11102,14,52
11102,15,64
11102,16,66
11102,17,63
11102,18,107
11102,19,88
11102,20,96
11102,21,156
11102,22,183
11102,23,206
11103,0,216
11103,1,126
11103,2,70
11103,3,42
11103,4,44
11103,5,32
11103,6,46
11103,7,69
11103,8,87
11103,9,74
11103,10,104
11103,11,101
11103,12,73
11103,13,72
11103,14,99
11103,15,77
11103,16,84
11103,17,94
11103,18,74
11103,19,87
11103,20,107
11103,21,163
11103,22,248
11103,23,238
11104,0,48
11104,1,37
11104,2,20
11104,3,15
11104,4,7
11104,5,14
11104,6,19
11104,7,16
11104,8,35
11104,9,47
11104,10,35
11104,11,31
11104,12,37
11104,13,27
11104,14,25
11104,15,41
11104,16,36
11104,17,39
11104,18,41
11104,19,47
11104,20,68
11104,21,67
11104,22,88
11104,23,97
11105,0,58
11105,1,40
11105,2,12
11105,3,11
11105,4,7
11105,5,17
11105,6,38
11105,7,57
11105,8,55
11105,9,80
11105,10,55
11105,11,45
11105,12,74
11105,13,55
11105,14,58
11105,15,48
11105,16,53
11105,17,69
11105,18,99
11105,19,77
11105,20,116
11105,21,139
11105,22,143
11105,23,105
11106,0,115
11106,1,73
11106,2,36
11106,3,25
11106,4,24
11106,5,26
11106,6,48
11106,7,101
11106,8,127
11106,9,85
11106,10,70
11106,11,66
11106,12,77
11106,13,80
11106,14,70
11106,15,72
11106,16,66
11106,17,65
11106,18,83
11106,19,86
11106,20,77
11106,21,93
11106,22,127
11106,23,140
11109,0,2
11109,1,2
11109,2,2
11109,3,1
11109,6,3
11109,7,5
11109,8,4
11109,9,2
11109,10,3
11109,11,5
11109,12,1
11109,13,7
11109,14,3
11109,15,4
11109,16,2
11109,17,4
11109,18,5
11109,19,4
11109,20,5
11109,21,2
11109,22,20
11109,23,17
11201,0,142
11201,1,68
11201,2,60
11201,3,36
11201,4,36
11201,5,32
11201,6,47
11201,7,108
11201,8,174
11201,9,128
11201,10,124
11201,11,148
11201,12,138
11201,13,149
11201,14,125
11201,15,114
11201,16,133
11201,17,135
11201,18,176
11201,19,177
11201,20,167
11201,21,209
11201,22,241
11201,23,207
11203,0,280
11203,1,155
11203,2,113
11203,3,70
11203,4,49
11203,5,46
11203,6,95
11203,7,128
11203,8,120
11203,9,164
11203,10,156
11203,11,113
11203,12,119
11203,13,123
11203,14,119
11203,15,94
11203,16,108
11203,17,170
11203,18,165
11203,19,180
11203,20,202
11203,21,250
11203,22,264
11203,23,296
11204,0,192
11204,1,143
11204,2,106
11204,3,94
11204,4,126
11204,5,139
11204,6,171
11204,7,170
11204,8,146
11204,9,145
11204,10,156
11204,11,135
11204,12,125
11204,13,119
11204,14,96
11204,15,103
11204,16,95
11204,17,119
11204,18,148
11204,19,216
11204,20,258
11204,21,265
11204,22,299
11204,23,228
11205,0,155
11205,1,123
11205,2,62
11205,3,45
11205,4,28
11205,5,18
11205,6,77
11205,7,126
11205,8,177
11205,9,216
11205,10,162
11205,11,139
11205,12,158
11205,13,132
11205,14,130
11205,15,111
11205,16,93
11205,17,110
11205,18,142
11205,19,167
11205,20,218
11205,21,205
11205,22,255
11205,23,254
11206,0,492
11206,1,340
11206,2,187
11206,3,92
11206,4,69
11206,5,56
11206,6,67
11206,7,148
11206,8,156
11206,9,156
11206,10,143
11206,11,114
11206,12,145
11206,13,130
11206,14,122
11206,15,116
11206,16,130
11206,17,126
11206,18,153
11206,19,174
11206,20,243
11206,21,408
11206,22,488
11206,23,552
11207,0,366
11207,1,279
11207,2,175
11207,3,100
11207,4,101
11207,5,91
11207,6,103
11207,7,170
11207,8,181
11207,9,193
11207,10,180
11207,11,197
11207,12,149
11207,13,130
11207,14,124
11207,15,119
11207,16,138
11207,17,163
11207,18,225
11207,19,258
11207,20,298
11207,21,371
11207,22,452
11207,23,410
11208,0,437
11208,1,284
11208,2,179
11208,3,135
11208,4,114
11208,5,110
11208,6,151
11208,7,183
11208,8,240
11208,9,210
11208,10,192
11208,11,236
11208,12,150
11208,13,149
11208,14,134
11208,15,152
11208,16,168
11208,17,142
11208,18,254
11208,19,269
11208,20,347
11208,21,463
11208,22,510
11208,23,534
11209,0,170
11209,1,73
11209,2,108
11209,3,38
11209,4,28
11209,5,79
11209,6,73
11209,7,102
11209,8,155
11209,9,131
11209,10,116
11209,11,125
11209,12,133
11209,13,59
11209,14,97
11209,15,100
11209,16,105
11209,17,125
11209,18,137
11209,19,167
11209,20,180
11209,21,267
11209,22,292
11209,23,263
11210,0,171
11210,1,108
11210,2,67
11210,3,45
11210,4,38
11210,5,55
11210,6,62
11210,7,110
11210,8,110
11210,9,127
11210,10,130
11210,11,121
11210,12,129
11210,13,107
11210,14,102
11210,15,86
11210,16,96
11210,17,90
11210,18,132
11210,19,116
11210,20,167
11210,21,229
11210,22,259
11210,23,227
11211,0,447
11211,1,240
11211,2,144
11211,3,88
11211,4,67
11211,5,39
11211,6,44
11211,7,109
11211,8,85
11211,9,117
11211,10,114
11211,11,118
11211,12,100
11211,13,130
11211,14,104
11211,15,147
11211,16,134
11211,17,137
11211,18,151
11211,19,199
11211,20,285
11211,21,334
11211,22,462
11211,23,522
11212,0,205
11212,1,176
11212,2,132
11212,3,100
11212,4,64
11212,5,58
11212,6,57
11212,7,95
11212,8,112
11212,9,108
11212,10,88
11212,11,101
11212,12,94
11212,13,78
11212,14,63
11212,15,77
11212,16,84
11212,17,101
11212,18,117
11212,19,137
11212,20,146
11212,21,247
11212,22,256
11212,23,222
11213,0,287
11213,1,235
11213,2,116
11213,3,69
11213,4,50
11213,5,42
11213,6,45
11213,7,65
11213,8,73
11213,9,93
11213,10,90
11213,11,92
11213,12,97
11213,13,91
11213,14,92
11213,15,77
11213,16,94
11213,17,96
11213,18,122
11213,19,120
11213,20,225
11213,21,305
11213,22,353
11213,23,388
11214,0,247
11214,1,181
11214,2,110
11214,3,82
11214,4,71
11214,5,62
11214,6,118
11214,7,137
11214,8,170
11214,9,173
11214,10,172
11214,11,134
11214,12,134
11214,13,121
11214,14,128
11214,15,99
11214,16,122
11214,17,145
11214,18,154
11214,19,177
11214,20,218
11214,21,299
11214,22,318
11214,23,280
11215,0,125
11215,1,65
11215,2,34
11215,3,35
11215,4,28
11215,5,26
11215,6,61
11215,7,96
11215,8,162
11215,9,189
11215,10,158
11215,11,146
11215,12,131
11215,13,116
11215,14,128
11215,15,127
11215,16,109
11215,17,93
11215,18,130
11215,19,150
11215,20,147
11215,21,157
11215,22,217
11215,23,200
11216,0,418
11216,1,257
11216,2,132
11216,3,71
11216,4,40
11216,5,26
11216,6,33
11216,7,41
11216,8,100
11216,9,96
11216,10,97
11216,11,88
11216,12,95
11216,13,81
11216,14,78
11216,15,90
11216,16,100
11216,17,123
11216,18,140
11216,19,174
11216,20,245
11216,21,290
11216,22,398
11216,23,481
11217,0,147
11217,1,66
11217,2,42
11217,3,41
11217,4,16
11217,5,4
11217,6,83
11217,7,89
11217,8,77
11217,9,96
11217,10,109
11217,11,100
11217,12,63
11217,13,79
11217,14,89
11217,15,116
11217,16,82
11217,17,108
11217,18,120
11217,19,122
11217,20,145
11217,21,154
11217,22,220
11217,23,217
11218,0,185
11218,1,124
11218,2,55
11218,3,32
11218,4,41
11218,5,58
11218,6,69
11218,7,90
11218,8,133
11218,9,153
11218,10,146
11218,11,129
11218,12,126
11218,13,97
11218,14,100
11218,15,100
11218,16,118
11218,17,93
11218,18,116
11218,19,127
11218,20,146
11218,21,191
11218,22,268
11218,23,233
11219,0,142
11219,1,95
11219,2,37
11219,3,19
11219,4,14
11219,5,28
11219,6,50
11219,7,90
11219,8,121
11219,9,153
11219,10,155
11219,11,115
11219,12,87
11219,13,98
11219,14,99
11219,15,68
11219,16,78
11219,17,58
11219,18,64
11219,19,73
11219,20,92
11219,21,132
11219,22,200
11219,23,163
11220,0,267
11220,1,186
11220,2,114
11220,3,100
11220,4,90
11220,5,68
11220,6,150
11220,7,181
11220,8,211
11220,9,217
11220,10,192
11220,11,165
11220,12,137
11220,13,140
11220,14,121
11220,15,111
11220,16,112
11220,17,116
11220,18,170
11220,19,199
11220,20,245
11220,21,283
11220,22,319
11220,23,290
11221,0,590
11221,1,393
11221,2,198
11221,3,129
11221,4,100
11221,5,84
11221,6,84
11221,7,132
11221,8,145
11221,9,142
11221,10,106
11221,11,138
11221,12,105
11221,13,116
11221,14,113
11221,15,126
11221,16,130
11221,17,180
11221,18,209
11221,19,295
11221,20,342
11221,21,474
11221,22,609
11221,23,605
11222,0,192
11222,1,114
11222,2,68
11222,3,42
11222,4,23
11222,5,27
11222,6,34
11222,7,87
11222,8,101
11222,9,90
11222,10,85
11222,11,77
11222,12,98
11222,13,77
11222,14,74
11222,15,58
11222,16,72
11222,17,68
11222,18,85
11222,19,65
11222,20,115
11222,21,170
11222,22,222
11222,23,224
11223,0,200
11223,1,132
11223,2,96
11223,3,72
11223,4,93
11223,5,89
11223,6,111
11223,7,194
11223,8,224
11223,9,232
11223,10,181
11223,11,171
11223,12,146
11223,13,121
11223,14,135
11223,15,134
11223,16,125
11223,17,120
11223,18,130
11223,19,163
11223,20,182
11223,21,259
11223,22,278
11223,23,245
11224,0,69
11224,1,78
11224,2,45
11224,3,29
11224,4,18
11224,5,16
11224,6,13
11224,7,38
11224,8,29
11224,9,39
11224,10,50
11224,11,50
11224,12,60
11224,13,65
11224,14,54
11224,15,56
11224,16,53
11224,17,34
11224,18,53
11224,19,58
11224,20,54
11224,21,61
11224,22,64
11224,23,84
11225,0,421
11225,1,254
11225,2,143
11225,3,84
11225,4,42
11225,5,30
11225,6,37
11225,7,70
11225,8,83
11225,9,94
11225,10,113
11225,11,102
11225,12,118
11225,13,98
11225,14,91
11225,15,104
11225,16,116
11225,17,150
11225,18,193
11225,19,253
11225,20,303
11225,21,366
11225,22,484
11225,23,506
11226,0,487
11226,1,362
11226,2,205
11226,3,148
11226,4,90
11226,5,96
11226,6,104
11226,7,200
11226,8,185
11226,9,185
11226,10,164
11226,11,176
11226,12,163
11226,13,162
11226,14,172
11226,15,159
11226,16,168
11226,17,195
11226,18,248
11226,19,359
11226,20,556
11226,21,631
11226,22,729
11226,23,621
11228,0,104
11228,1,58
11228,2,42
11228,3,17
11228,4,79
11228,5,52
11228,6,42
11228,7,80
11228,8,131
11228,9,133
11228,10,115
11228,11,108
11228,12,82
11228,13,92
11228,14,46
11228,15,55
11228,16,84
11228,17,73
11228,18,86
11228,19,92
11228,20,125
11228,21,268
11228,22,180
11228,23,124
11229,0,192
11229,1,84
11229,2,49
11229,3,36
11229,4,26
11229,5,30
11229,6,63
11229,7,79
11229,8,129
11229,9,161
11229,10,151
11229,11,131
11229,12,141
11229,13,111
11229,14,124
11229,15,119
11229,16,152
11229,17,121
11229,18,147
11229,19,139
11229,20,183
11229,21,244
11229,22,237
11229,23,255
11230,0,200
11230,1,94
11230,2,70
11230,3,43
11230,4,51
11230,5,67
11230,6,150
11230,7,128
11230,8,169
11230,9,222
11230,10,169
11230,11,160
11230,12,158
11230,13,166
11230,14,172
11230,15,167
11230,16,160
11230,17,133
11230,18,176
11230,19,156
11230,20,201
11230,21,221
11230,22,306
11230,23,287
11231,0,55
11231,1,34
11231,2,27
11231,3,17
11231,4,16
11231,5,9
11231,6,30
11231,7,60
11231,8,76
11231,9,86
11231,10,73
11231,11,71
11231,12,78
11231,13,60
11231,14,64
11231,15,43
11231,16,54
11231,17,63
11231,18,69
11231,19,74
11231,20,74
11231,21,87
11231,22,110
11231,23,112
11232,0,79
11232,1,55
11232,2,25
11232,3,20
11232,4,10
11232,5,13
11232,6,19
11232,7,43
11232,8,63
11232,9,71
11232,10,75
11232,11,62
11232,12,46
11232,13,49
11232,14,65
11232,15,54
11232,16,46
11232,17,56
11232,18,59
11232,19,64
11232,20,89
11232,21,85
11232,22,129
11232,23,119
11233,0,347
11233,1,258
11233,2,177
11233,3,137
11233,4,78
11233,5,56
11233,6,96
11233,7,107
11233,8,130
11233,9,157
11233,10,132
11233,11,124
11233,12,105
11233,13,102
11233,14,70
11233,15,88
11233,16,100
11233,17,125
11233,18,118
11233,19,163
11233,20,252
11233,21,263
11233,22,402
11233,23,406
11234,0,227
11234,1,159
11234,2,77
11234,3,56
11234,4,35
11234,5,65
11234,6,125
11234,7,174
11234,8,222
11234,9,227
11234,10,207
11234,11,175
11234,12,177
11234,13,168
11234,14,152
11234,15,166
11234,16,224
11234,17,188
11234,18,198
11234,19,220
11234,20,268
11234,21,290
11234,22,316
11234,23,304
11235,0,209
11235,1,117
11235,2,91
11235,3,53
11235,4,53
11235,5,48
11235,6,76
11235,7,101
11235,8,144
11235,9,131
11235,10,124
11235,11,144
11235,12,138
11235,13,146
11235,14,130
11235,15,124
11235,16,116
11235,17,141
11235,18,137
11235,19,179
11235,20,197
11235,21,222
11235,22,259
11235,23,282
11236,0,253
11236,1,221
11236,2,143
11236,3,71
11236,4,61
11236,5,81
11236,6,101
11236,7,126
11236,8,158
11236,9,191
11236,10,158
11236,11,144
11236,12,148
11236,13,149
11236,14,106
11236,15,93
11236,16,122
11236,17,146
11236,18,180
11236,19,173
11236,20,210
11236,21,268
11236,22,323
11236,23,365
11237,0,453
11237,1,324
11237,2,200
11237,3,112
11237,4,88
11237,5,64
11237,6,43
11237,7,55
11237,8,89
11237,9,95
11237,10,85
11237,11,88
11237,12,119
11237,13,96
11237,14,101
11237,15,108
11237,16,120
11237,17,142
11237,18,159
11237,19,218
11237,20,243
11237,21,342
11237,22,508
11237,23,568
11238,0,365
11238,1,188
11238,2,116
11238,3,45
11238,4,39
11238,5,11
11238,6,35
11238,7,86
11238,8,100
11238,9,141
11238,10,153
11238,11,169
11238,12,139
11238,13,104
11238,14,117
11238,15,111
11238,16,108
11238,17,102
11238,18,163
11238,19,211
11238,20,327
11238,21,579
11238,22,762
11238,23,673
11239,0,14
11239,1,10
11239,2,4
11239,3,7
11239,4,3
11239,5,3
11239,6,5
11239,7,4
11239,8,19
11239,9,5
11239,10,5
11239,11,3
11239,12,7
11239,13,5
11239,14,4
11239,15,14
11239,16,7
11239,17,11
11239,18,7
11239,19,11
11239,20,5
11239,21,17
11239,22,28
11239,23,17
11249,0,165
11249,1,105
11249,2,60
11249,3,35
11249,4,32
11249,5,28
11249,6,28
11249,7,37
11249,8,57
11249,9,58
11249,10,56
11249,11,63
11249,12,75
11249,13,54
11249,14,61
11249,15,55
11249,16,85
11249,17,61
11249,18,85
11249,19,99
11249,20,111
11249,21,160
11249,22,229
11249,23,220
11251,14,1
11354,0,78
11354,1,58
11354,2,28
11354,3,22
11354,4,17
11354,5,23
11354,6,28
11354,7,54
11354,8,62
11354,9,91
11354,10,70
11354,11,73
11354,12,90
11354,13,72
11354,14,82
11354,15,65
11354,16,71
11354,17,58
11354,18,69
11354,19,84
11354,20,105
11354,21,147
11354,22,136
11354,23,119
11355,0,156
11355,1,95
11355,2,52
11355,3,32
11355,4,32
11355,5,24
11355,6,60
11355,7,107
11355,8,149
11355,9,135
11355,10,172
11355,11,189
11355,12,192
11355,13,151
11355,14,155
11355,15,118
11355,16,124
11355,17,120
11355,18,134
11355,19,144
11355,20,129
11355,21,165
11355,22,192
11355,23,179
11356,0,112
11356,1,84
11356,2,42
11356,3,39
11356,4,26
11356,5,36
11356,6,54
11356,7,72
11356,8,84
11356,9,60
11356,10,58
11356,11,50
11356,12,48
11356,13,66
11356,14,55
11356,15,51
11356,16,63
11356,17,59
11356,18,76
11356,19,76
11356,20,89
11356,21,109
11356,22,167
11356,23,138
11357,0,47
11357,1,27
11357,2,22
11357,3,10
11357,4,10
11357,5,25
11357,6,25
11357,7,62
11357,8,70
11357,9,67
11357,10,65
11357,11,51
11357,12,46
11357,13,52
11357,14,63
11357,15,45
11357,16,51
11357,17,68
11357,18,59
11357,19,57
11357,20,80
11357,21,98
11357,22,125
11357,23,98
11358,0,70
11358,1,50
11358,2,21
11358,3,10
11358,4,3
11358,5,15
11358,6,18
11358,7,38
11358,8,57
11358,9,60
11358,10,79
11358,11,69
11358,12,56
11358,13,57
11358,14,67
11358,15,60
11358,16,57
11358,17,68
11358,18,53
11358,19,63
11358,20,89
11358,21,119
11358,22,117
11358,23,108
11359,6,1
11359,15,1
11359,23,1
11360,0,17
11360,1,13
11360,2,5
11360,3,4
11360,5,5
11360,6,8
11360,7,8
11360,8,14
11360,9,13
11360,10,17
11360,11,14
11360,12,11
11360,13,12
11360,14,7
11360,15,20
11360,16,30
11360,17,15
11360,18,16
11360,19,23
11360,20,24
11360,21,26
11360,22,34
11360,23,25
11361,0,46
11361,1,24
11361,2,10
11361,3,8
11361,4,3
11361,5,6
11361,6,20
11361,7,41
11361,8,55
11361,9,53
11361,10,57
11361,11,40
11361,12,50
11361,13,53
11361,14,53
11361,15,63
11361,16,53
11361,17,55
11361,18,52
11361,19,64
11361,20,65
11361,21,60
11361,22,53
11361,23,72
11362,0,14
11362,1,1
11362,2,4
11362,3,2
11362,4,3
11362,5,5
11362,6,4
11362,7,5
11362,8,15
11362,9,13
11362,10,11
11362,11,16
11362,12,19
11362,13,19
11362,14,13
11362,15,14
11362,16,20
11362,17,17
11362,18,24
11362,19,21
11362,20,22
11362,21,49
11362,22,54
11362,23,31
11363,0,2
11363,1,2
11363,2,1
11363,3,1
11363,5,1
11363,6,3
11363,7,5
11363,8,20
11363,9,17
11363,10,18
11363,11,9
11363,12,16
11363,13,15
11363,14,8
11363,15,11
11363,16,11
11363,17,12
11363,18,8
11363,19,12
11363,20,12
11363,21,6
11363,22,14
11363,23,12
11364,0,42
11364,1,14
11364,2,10
11364,3,13
11364,4,3
11364,5,12
11364,6,11
11364,7,45
11364,8,33
11364,9,61
11364,10,32
11364,11,30
11364,12,35
11364,13,30
11364,14,30
11364,15,26
11364,16,23
11364,17,27
11364,18,34
11364,19,24
11364,20,36
11364,21,55
11364,22,77
11364,23,59
11365,0,153
11365,1,53
11365,2,29
11365,3,24
11365,4,21
11365,5,15
11365,6,41
11365,7,41
11365,8,48
11365,9,51
11365,10,64
11365,11,64
11365,12,36
11365,13,48
11365,14,35
11365,15,43
11365,16,53
11365,17,49
11365,18,60
11365,19,60
11365,20,70
11365,21,125
11365,22,147
11365,23,144
11366,0,89
11366,1,54
11366,2,15
11366,3,7
11366,4,2
11366,5,3
11366,6,26
11366,7,96
11366,8,157
11366,9,149
11366,10,234
11366,11,245
11366,12,318
11366,13,203
11366,14,168
11366,15,225
11366,16,392
11366,17,214
11366,18,140
11366,19,145
11366,20,115
11366,21,158
11366,22,139
11366,23,118
11367,0,51
11367,1,31
11367,2,23
11367,3,12
11367,4,56
11367,5,74
11367,6,27
11367,7,30
11367,8,54
11367,9,51
11367,10,55
11367,11,39
11367,12,33
11367,13,33
11367,14,37
11367,15,27
11367,16,34
11367,17,41
11367,18,51
11367,19,48
11367,20,64
11367,21,73
11367,22,84
11367,23,67
11368,0,405
11368,1,289
11368,2,206
11368,3,123
11368,4,61
11368,5,69
11368,6,110
11368,7,92
11368,8,159
11368,9,193
11368,10,176
11368,11,113
11368,12,110
11368,13,127
11368,14,119
11368,15,133
11368,16,137
11368,17,197
11368,18,231
11368,19,301
11368,20,313
11368,21,382
11368,22,475
11368,23,440
11369,0,173
11369,1,117
11369,2,68
11369,3,48
11369,4,34
11369,5,29
11369,6,52
11369,7,61
11369,8,56
11369,9,80
11369,10,58
11369,11,66
11369,12,100
11369,13,65
11369,14,85
11369,15,92
11369,16,83
11369,17,91
11369,18,96
11369,19,120
11369,20,147
11369,21,168
11369,22,180
11369,23,163
11370,0,87
11370,1,70
11370,2,36
11370,3,33
11370,4,28
11370,5,25
11370,6,31
11370,7,49
11370,8,58
11370,9,63
11370,10,50
11370,11,66
11370,12,68
11370,13,51
11370,14,58
11370,15,55
11370,16,62
11370,17,61
11370,18,69
11370,19,71
11370,20,83
11370,21,107
11370,22,117
11370,23,106
11372,0,170
11372,1,110
11372,2,70
11372,3,45
11372,4,47
11372,5,24
11372,6,24
11372,7,36
11372,8,66
11372,9,65
11372,10,61
11372,11,61
11372,12,81
11372,13,82
11372,14,67
11372,15,66
11372,16,78
11372,17,94
11372,18,108
11372,19,102
11372,20,138
11372,21,177
11372,22,209
11372,23,195
11373,0,258
11373,1,192
11373,2,94
11373,3,62
11373,4,46
11373,5,54
11373,6,90
11373,7,149
11373,8,126
11373,9,108
11373,10,112
11373,11,114
11373,12,103
11373,13,125
11373,14,133
11373,15,129
11373,16,133
11373,17,147
11373,18,171
11373,19,164
11373,20,201
11373,21,251
11373,22,319
11373,23,344
11374,0,78
11374,1,41
11374,2,18
11374,3,16
11374,4,17
11374,5,23
11374,6,18
11374,7,47
11374,8,43
11374,9,42
11374,10,51
11374,11,68
11374,12,67
11374,13,67
11374,14,66
11374,15,55
11374,16,59
11374,17,60
11374,18,84
11374,19,93
11374,20,89
11374,21,122
11374,22,157
11374,23,116
11375,0,84
11375,1,48
11375,2,31
11375,3,19
11375,4,13
11375,5,18
11375,6,36
11375,7,57
11375,8,86
11375,9,95
11375,10,102
11375,11,88
11375,12,64
11375,13,75
11375,14,80
11375,15,75
11375,16,69
11375,17,75
11375,18,89
11375,19,83
11375,20,118
11375,21,124
11375,22,156
11375,23,135
11377,0,236
11377,1,156
11377,2,76
11377,3,47
11377,4,60
11377,5,52
11377,6,114
11377,7,176
11377,8,174
11377,9,206
11377,10,181
11377,11,187
11377,12,135
11377,13,163
11377,14,162
11377,15,140
11377,16,166
11377,17,182
11377,18,160
11377,19,172
11377,20,180
11377,21,227
11377,22,323
11377,23,301
11378,0,153
11378,1,83
11378,2,53
11378,3,30
11378,4,68
11378,5,68
11378,6,76
11378,7,129
11378,8,157
11378,9,153
11378,10,120
11378,11,130
11378,12,101
11378,13,122
11378,14,99
11378,15,112
11378,16,127
11378,17,131
11378,18,136
11378,19,162
11378,20,187
11378,21,313
11378,22,253
11378,23,210
11379,0,80
11379,1,51
11379,2,18
11379,3,24
11379,4,23
11379,5,51
11379,6,35
11379,7,83
11379,8,90
11379,9,69
11379,10,108
11379,11,99
11379,12,80
11379,13,91
11379,14,72
11379,15,77
11379,16,98
11379,17,99
11379,18,122
11379,19,130
11379,20,142
11379,21,187
11379,22,197
11379,23,131
11385,0,478
11385,1,283
11385,2,211
11385,3,124
11385,4,79
11385,5,151
11385,6,146
11385,7,233
11385,8,220
11385,9,259
11385,10,223
11385,11,205
11385,12,220
11385,13,180
11385,14,231
11385,15,184
11385,16,205
11385,17,264
11385,18,350
11385,19,356
11385,20,450
11385,21,627
11385,22,705
11385,23,579
11411,0,50
11411,1,35
11411,2,14
11411,3,20
11411,4,5
11411,5,8
11411,6,14
11411,7,14
11411,8,20
11411,9,33
11411,10,28
11411,11,28
11411,12,33
11411,13,21
11411,14,34
11411,15,21
11411,16,29
11411,17,38
11411,18,15
11411,19,21
11411,20,32
11411,21,48
11411,22,42
11411,23,42
11412,0,89
11412,1,87
11412,2,47
11412,3,41
11412,4,25
11412,5,18
11412,6,22
11412,7,35
11412,8,42
11412,9,55
11412,10,48
11412,11,59
11412,12,60
11412,13,48
11412,14,59
11412,15,45
11412,16,64
11412,17,56
11412,18,78
11412,19,53
11412,20,71
11412,21,91
11412,22,93
11412,23,119
11413,0,89
11413,1,74
11413,2,55
11413,3,45
11413,4,33
11413,5,33
11413,6,42
11413,7,59
11413,8,68
11413,9,71
11413,10,76
11413,11,55
11413,12,43
11413,13,36
11413,14,48
11413,15,49
11413,16,57
11413,17,58
11413,18,95
11413,19,73
11413,20,60
11413,21,61
11413,22,97
11413,23,90
11414,0,89
11414,1,34
11414,2,22
11414,3,13
11414,4,17
11414,5,10
11414,6,19
11414,7,39
11414,8,33
11414,9,30
11414,10,36
11414,11,49
11414,12,38
11414,13,31
11414,14,39
11414,15,43
11414,16,46
11414,17,28
11414,18,34
11414,19,61
11414,20,73
11414,21,101
11414,22,79
11414,23,99
11415,0,56
11415,1,47
11415,2,24
11415,3,20
11415,4,9
11415,5,11
11415,6,15
11415,7,19
11415,8,27
11415,9,29
11415,10,27
11415,11,31
11415,12,26
11415,13,31
11415,14,18
11415,15,23
11415,16,25
11415,17,30
11415,18,38
11415,19,34
11415,20,33
11415,21,35
11415,22,44
11415,23,57
11416,0,175
11416,1,123
11416,2,58
11416,3,50
11416,4,30
11416,5,30
11416,6,64
11416,7,64
11416,8,88
11416,9,91
11416,10,109
11416,11,80
11416,12,87
11416,13,84
11416,14,92
11416,15,90
11416,16,78
11416,17,102
11416,18,102
11416,19,131
11416,20,128
11416,21,163
11416,22,174
11416,23,204
11417,0,169
11417,1,86
11417,2,57
11417,3,36
11417,4,30
11417,5,36
11417,6,53
11417,7,48
11417,8,92
11417,9,90
11417,10,95
11417,11,98
11417,12,109
11417,13,104
11417,14,101
11417,15,108
11417,16,104
11417,17,101
11417,18,135
11417,19,136
11417,20,144
11417,21,191
11417,22,213
11417,23,220
11418,0,158
11418,1,164
11418,2,96
11418,3,24
11418,4,25
11418,5,35
11418,6,95
11418,7,98
11418,8,95
11418,9,87
11418,10,77
11418,11,96
11418,12,93
11418,13,100
11418,14,94
11418,15,134
11418,16,116
11418,17,116
11418,18,127
11418,19,139
11418,20,150
11418,21,177
11418,22,206
11418,23,189
11419,0,271
11419,1,202
11419,2,115
11419,3,70
11419,4,44
11419,5,43
11419,6,57
11419,7,85
11419,8,114
11419,9,151
11419,10,132
11419,11,142
11419,12,137
11419,13,161
11419,14,200
11419,15,132
11419,16,162
11419,17,175
11419,18,208
11419,19,237
11419,20,280
11419,21,295
11419,22,374
11419,23,307
11420,0,271
11420,1,223
11420,2,131
11420,3,73
11420,4,49
11420,5,50
11420,6,70
11420,7,110
11420,8,108
11420,9,117
11420,10,130
11420,11,128
11420,12,142
11420,13,117
11420,14,127
11420,15,125
11420,16,171
11420,17,120
11420,18,179
11420,19,215
11420,20,228
11420,21,256
11420,22,344
11420,23,376
11421,0,277
11421,1,167
11421,2,108
11421,3,76
11421,4,52
11421,5,48
11421,6,80
11421,7,91
11421,8,105
11421,9,115
11421,10,93
11421,11,83
11421,12,94
11421,13,81
11421,14,124
11421,15,93
11421,16,137
11421,17,142
11421,18,160
11421,19,217
11421,20,240
11421,21,292
11421,22,327
11421,23,345
11422,0,78
11422,1,65
11422,2,42
11422,3,42
11422,4,38
11422,5,21
11422,6,17
11422,7,23
11422,8,34
11422,9,51
11422,10,58
11422,11,32
11422,12,27
11422,13,34
11422,14,44
11422,15,47
11422,16,35
11422,17,45
11422,18,56
11422,19,41
11422,20,55
11422,21,83
11422,22,89
11422,23,116
11423,0,91
11423,1,64
11423,2,40
11423,3,29
11423,4,14
11423,5,18
11423,6,21
11423,7,38
11423,8,54
11423,9,57
11423,10,74
11423,11,63
11423,12,85
11423,13,62
11423,14,50
11423,15,58
11423,16,75
11423,17,49
11423,18,77
11423,19,62
11423,20,90
11423,21,116
11423,22,115
11423,23,88
11426,0,27
11426,1,16
11426,2,4
11426,3,5
11426,4,2
11426,5,6
11426,6,8
11426,7,19
11426,8,14
11426,9,24
11426,10,21
11426,11,22
11426,12,19
11426,13,18
11426,14,28
11426,15,29
11426,16,24
11426,17,23
11426,18,26
11426,19,29
11426,20,34
11426,21,63
11426,22,40
11426,23,63
11427,0,37
11427,1,25
11427,2,15
11427,3,6
11427,4,5
11427,5,7
11427,6,15
11427,7,15
11427,8,23
11427,9,21
11427,10,22
11427,11,29
11427,12,20
11427,13,26
11427,14,18
11427,15,18
11427,16,29
11427,17,28
11427,18,26
11427,19,46
11427,20,40
11427,21,48
11427,22,53
11427,23,42
11428,0,72
11428,1,45
11428,2,27
11428,3,12
11428,4,3
11428,5,10
11428,6,10
11428,7,25
11428,8,38
11428,9,40
11428,10,30
11428,11,26
11428,12,36
11428,13,31
11428,14,26
11428,15,20
11428,16,34
11428,17,34
11428,18,41
11428,19,43
11428,20,60
11428,21,72
11428,22,100
11428,23,77
11429,0,52
11429,1,42
11429,2,29
11429,3,18
11429,4,11
11429,5,14
11429,6,8
11429,7,25
11429,8,38
11429,9,35
11429,10,39
11429,11,26
11429,12,51
11429,13,31
11429,14,49
11429,15,26
11429,16,26
11429,17,37
11429,18,35
11429,19,57
11429,20,51
11429,21,93
11429,22,74
11429,23,59
11430,0,1
11430,2,1
11430,6,1
11430,7,2
11430,8,2
11430,10,2
11430,11,1
11430,12,1
11430,13,16
11430,14,5
11430,15,3
11430,16,1
11430,22,1
11430,23,1
11432,0,211
11432,1,107
11432,2,81
11432,3,35
11432,4,25
11432,5,20
11432,6,38
11432,7,90
11432,8,172
11432,9,171
11432,10,156
11432,11,158
11432,12,174
11432,13,158
11432,14,151
11432,15,167
11432,16,138
11432,17,156
11432,18,187
11432,19,157
11432,20,201
11432,21,199
11432,22,250
11432,23,221
11433,0,133
11433,1,96
11433,2,92
11433,3,58
11433,4,38
11433,5,23
11433,6,34
11433,7,76
11433,8,73
11433,9,85
11433,10,94
11433,11,101
11433,12,80
11433,13,81
11433,14,100
11433,15,98
11433,16,95
11433,17,95
11433,18,129
11433,19,121
11433,20,130
11433,21,158
11433,22,175
11433,23,168
11434,0,149
11434,1,135
11434,2,89
11434,3,75
11434,4,44
11434,5,42
11434,6,47
11434,7,90
11434,8,85
11434,9,115
11434,10,112
11434,11,82
11434,12,107
11434,13,98
11434,14,114
11434,15,116
11434,16,95
11434,17,116
11434,18,147
11434,19,161
11434,20,133
11434,21,140
11434,22,179
11434,23,198
11435,0,191
11435,1,133
11435,2,80
11435,3,51
11435,4,28
11435,5,43
11435,6,68
11435,7,100
11435,8,100
11435,9,101
11435,10,110
11435,11,104
11435,12,90
11435,13,91
11435,14,104
11435,15,97
11435,16,79
11435,17,86
11435,18,107
11435,19,128
11435,20,141
11435,21,202
11435,22,262
11435,23,251
11436,0,140
11436,1,103
11436,2,76
11436,3,43
11436,4,30
11436,5,15
11436,6,26
11436,7,27
11436,8,32
11436,9,35
11436,10,55
11436,11,37
11436,12,41
11436,13,50
11436,14,45
11436,15,35
11436,16,55
11436,17,41
11436,18,47
11436,19,60
11436,20,69
11436,21,80
11436,22,113
11436,23,120
11691,0,137
11691,1,99
11691,2,45
11691,3,39
11691,4,23
11691,5,45
11691,6,81
11691,7,73
11691,8,103
11691,9,78
11691,10,76
11691,11,72
11691,12,61
11691,13,52
11691,14,55
11691,15,66
11691,16,62
11691,17,81
11691,18,81
11691,19,117
11691,20,96
11691,21,244
11691,22,222
11691,23,166
11692,0,31
11692,1,36
11692,2,16
11692,3,8
11692,4,2
11692,5,8
11692,6,11
11692,7,17
11692,8,17
11692,9,14
11692,10,13
11692,11,18
11692,12,18
11692,13,17
11692,14,13
11692,15,14
11692,16,19
11692,17,14
11692,18,17
11692,19,24
11692,20,21
11692,21,29
11692,22,45
11692,23,55
11693,0,66
11693,1,28
11693,2,11
11693,3,9
11693,4,3
11693,5,1
11693,6,5
11693,7,11
11693,8,13
11693,9,20
11693,10,27
11693,11,25
11693,12,24
11693,13,21
11693,14,25
11693,15,23
11693,16,31
11693,17,25
11693,18,36
11693,19,29
11693,20,53
11693,21,43
11693,22,74
11693,23,55
11694,0,41
11694,1,33
11694,2,17
11694,3,9
11694,4,11
11694,5,10
11694,6,8
11694,7,21
11694,8,26
11694,9,48
11694,10,34
11694,11,51
11694,12,41
11694,13,45
11694,14,66
11694,15,60
11694,16,54
11694,17,48
11694,18,55
11694,19,49
11694,20,39
11694,21,71
11694,22,56
11694,23,65
11695,0,1
11697,0,4
11697,10,2
11697,12,1
11697,13,2
11697,14,1
11697,15,4
11697,16,2
11697,17,10
11697,18,3
11697,19,5
11697,20,1
11697,21,5
11697,22,14
11697,23,10